Date,Price,Open,High,Low,Vol.,Change %
Jan 03 2011,79.38,79.31,79.73,79.23,18.71K,0.11%
Jan 04 2011,79.70,79.50,79.78,79.11,15.37K,0.40%
Jan 05 2011,80.54,79.71,80.64,79.71,29.32K,1.05%
Jan 06 2011,81.09,80.57,81.22,80.46,31.38K,0.68%
Jan 07 2011,81.32,81.14,81.45,80.98,29.04K,0.28%
Jan 10 2011,81.16,81.49,81.64,81.11,19.05K,-0.20%
Jan 11 2011,81.14,81.27,81.45,81.03,15.64K,-0.02%
Jan 12 2011,80.25,81.08,81.14,80.20,33.98K,-1.10%
Jan 13 2011,79.41,80.29,80.44,79.21,33.12K,-1.05%
Jan 14 2011,79.37,79.42,79.61,78.97,22.72K,-0.05%
Jan 17 2011,79.51,79.30,79.77,79.25,7.61K,0.18%
Jan 18 2011,79.16,79.64,79.67,78.75,33.05K,-0.44%
Jan 19 2011,78.81,79.12,79.12,78.47,22.27K,-0.44%
Jan 20 2011,78.98,78.89,79.34,78.60,24.53K,0.22%
Jan 21 2011,78.37,79.02,79.09,78.01,20.12K,-0.77%
Jan 24 2011,78.19,78.30,78.63,77.94,25.05K,-0.23%
Jan 25 2011,78.14,78.16,78.57,77.95,21.61K,-0.06%
Jan 26 2011,78.03,78.14,78.23,77.81,20.99K,-0.14%
Jan 27 2011,77.85,77.86,78.28,77.71,22.37K,-0.23%
Jan 28 2011,78.28,77.84,78.42,77.70,25.49K,0.55%
Jan 31 2011,77.86,78.39,78.47,77.67,23.22K,-0.54%
Feb 01 2011,77.19,77.76,77.79,77.06,23.58K,-0.86%
Feb 02 2011,77.28,77.14,77.43,77.00,16.17K,0.12%
Feb 03 2011,77.87,77.22,78.00,77.14,25.19K,0.76%
Feb 04 2011,78.16,77.93,78.33,77.56,26.23K,0.37%
Feb 07 2011,78.12,78.17,78.44,77.94,16.39K,-0.05%
Feb 08 2011,78.09,78.14,78.19,77.72,19.61K,-0.04%
Feb 09 2011,77.72,78.06,78.19,77.58,22.37K,-0.47%
Feb 10 2011,78.33,77.76,78.44,77.75,22.34K,0.78%
Feb 11 2011,78.56,78.23,78.80,78.21,23.14K,0.29%
Feb 14 2011,78.72,78.50,78.98,78.38,15.98K,0.20%
Feb 15 2011,78.66,78.63,78.83,78.39,14.25K,-0.08%
Feb 16 2011,78.28,78.59,78.87,78.22,25.52K,-0.48%
Feb 17 2011,78.06,78.28,78.41,77.99,23.41K,-0.28%
Feb 18 2011,77.72,78.03,78.30,77.57,22.97K,-0.44%
Feb 21 2011,77.75,77.71,77.87,77.59,5.14K,0.04%
Feb 22 2011,77.82,77.88,78.39,77.64,26.31K,0.09%
Feb 23 2011,77.44,77.71,77.75,77.30,24.25K,-0.49%
Feb 24 2011,77.10,77.28,77.52,77.03,18.51K,-0.44%
Feb 25 2011,77.30,77.11,77.46,76.97,17.27K,0.26%
Feb 28 2011,76.92,77.25,77.44,76.78,19.31K,-0.49%
Mar 01 2011,77.08,76.86,77.13,76.77,19.64K,0.21%
Mar 02 2011,76.69,77.08,77.21,76.54,32.45K,-0.51%
Mar 03 2011,76.50,76.71,76.88,76.38,29.96K,-0.25%
Mar 04 2011,76.42,76.51,76.64,76.28,32.46K,-0.10%
Mar 07 2011,76.51,76.35,76.57,76.14,25.01K,0.12%
Mar 08 2011,76.80,76.52,77.00,76.42,27.34K,0.38%
Mar 09 2011,76.72,76.90,76.97,76.54,40.78K,-0.10%
Mar 10 2011,77.27,76.68,77.36,76.66,36.63K,0.72%
Mar 11 2011,76.77,77.17,77.55,76.66,15.54K,-0.65%
Mar 14 2011,76.46,76.55,76.72,76.27,1.63K,-0.40%
Mar 15 2011,76.66,76.66,77.39,76.58,29.75K,0.26%
Mar 16 2011,76.99,76.74,77.14,76.64,38.32K,0.43%
Mar 17 2011,76.34,76.91,76.98,76.15,29.59K,-0.84%
Mar 18 2011,75.97,76.29,76.77,75.79,25.16K,-0.48%
Mar 21 2011,75.66,75.87,76.00,75.59,20.85K,-0.41%
Mar 22 2011,75.67,75.83,75.85,75.82,21.64K,0.01%
Mar 23 2011,76.05,75.83,76.19,75.67,25.03K,0.50%
Mar 24 2011,75.89,76.11,76.31,75.70,32.28K,-0.21%
Mar 25 2011,76.48,75.94,76.56,75.84,28.30K,0.78%
Mar 28 2011,76.38,76.52,76.69,76.30,17.36K,-0.13%
Mar 29 2011,76.50,76.49,76.70,76.17,20.77K,0.16%
Mar 30 2011,76.36,76.38,76.67,76.25,22.29K,-0.18%
Mar 31 2011,76.07,76.37,76.42,75.89,23.11K,-0.38%
Apr 01 2011,76.08,76.30,76.87,76.03,32.62K,0.01%
Apr 04 2011,76.16,76.23,76.23,75.94,13.61K,0.11%
Apr 05 2011,76.11,76.25,76.40,76.00,23.70K,-0.07%
Apr 06 2011,75.76,76.09,76.12,75.69,22.03K,-0.46%
Apr 07 2011,75.81,75.78,76.06,75.73,22.29K,0.07%
Apr 08 2011,75.27,75.80,75.83,75.06,20.98K,-0.71%
Apr 11 2011,75.28,75.17,75.31,75.10,16.98K,0.01%
Apr 12 2011,75.06,75.25,75.45,74.93,27.18K,-0.29%
Apr 13 2011,75.19,75.06,75.34,74.95,22.24K,0.17%
Apr 14 2011,74.89,75.16,75.37,74.83,24.25K,-0.40%
Apr 15 2011,75.03,74.88,75.22,74.83,19.08K,0.19%
Apr 18 2011,75.73,75.08,76.06,75.06,39.09K,0.93%
Apr 19 2011,75.25,75.69,75.84,75.20,22.66K,-0.63%
Apr 20 2011,74.57,75.19,75.21,74.45,28.20K,-0.90%
Apr 21 2011,74.18,74.19,74.53,73.94,23.83K,-0.52%
Apr 22 2011,74.28,74.28,74.28,74.28,-,0.13%
Apr 25 2011,74.18,74.30,74.47,74.01,15.44K,-0.13%
Apr 26 2011,74.03,74.28,74.52,73.94,17.30K,-0.20%
Apr 27 2011,73.69,73.73,74.20,73.44,31.59K,-0.46%
Apr 28 2011,73.31,73.50,73.50,73.05,26.20K,-0.52%
Apr 29 2011,73.11,73.25,73.38,73.02,18.64K,-0.27%
May 02 2011,73.14,73.19,73.48,72.89,23.53K,0.04%
May 03 2011,73.31,73.31,73.49,73.01,26.06K,0.23%
May 04 2011,73.21,73.26,73.48,72.86,36.61K,-0.14%
May 05 2011,74.38,73.28,74.42,72.98,61.58K,1.60%
May 06 2011,75.08,74.26,75.18,74.11,66.99K,0.94%
May 09 2011,74.90,75.03,75.36,74.61,52.06K,-0.24%
May 10 2011,74.78,74.78,75.17,74.69,32.11K,-0.16%
May 11 2011,75.52,74.73,75.62,74.53,55.12K,0.99%
May 12 2011,75.42,75.50,75.83,75.20,39.12K,-0.13%
May 13 2011,75.94,75.42,76.14,74.94,45.83K,0.69%
May 16 2011,75.65,76.08,76.19,75.41,36.28K,-0.38%
May 17 2011,75.55,75.82,76.02,75.47,40.04K,-0.13%
May 18 2011,75.63,75.42,75.73,75.23,31.77K,0.11%
May 19 2011,75.28,75.48,75.71,75.19,41.23K,-0.46%
May 20 2011,75.58,75.19,75.92,75.08,41.78K,0.40%
May 23 2011,76.23,75.84,76.54,75.83,38.74K,0.86%
May 24 2011,76.02,76.44,76.45,75.96,27.18K,-0.28%
May 25 2011,76.03,76.11,76.39,75.83,31.72K,0.01%
May 26 2011,75.63,76.09,76.09,75.42,32.08K,-0.53%
May 27 2011,75.02,75.62,75.67,74.89,26.98K,-0.81%
May 30 2011,75.03,74.94,75.10,74.89,2.86K,0.01%
May 31 2011,74.70,74.83,74.84,74.50,25.85K,-0.44%
Jun 01 2011,74.73,74.53,74.95,74.34,33.48K,0.04%
Jun 02 2011,74.38,74.86,74.95,74.26,29.81K,-0.47%
Jun 03 2011,73.81,74.36,74.50,73.72,35.29K,-0.77%
Jun 06 2011,74.00,73.77,74.08,73.67,33.32K,0.26%
Jun 07 2011,73.53,73.95,74.06,73.52,32.44K,-0.64%
Jun 08 2011,73.94,73.58,74.00,73.56,40.93K,0.56%
Jun 09 2011,74.20,73.88,74.32,73.69,43.99K,0.35%
Jun 10 2011,74.80,74.13,74.94,74.05,24.07K,0.81%
Jun 13 2011,74.60,74.81,74.95,74.60,1.28K,-0.27%
Jun 14 2011,74.69,74.88,75.00,74.59,19.03K,0.12%
Jun 15 2011,76.07,74.82,76.14,74.82,41.17K,1.85%
Jun 16 2011,76.22,75.97,76.50,75.86,35.47K,0.20%
Jun 17 2011,75.46,75.92,76.25,75.36,34.01K,-1.00%
Jun 20 2011,75.50,75.61,75.95,75.36,24.67K,0.05%
Jun 21 2011,74.93,75.26,75.45,74.92,27.04K,-0.75%
Jun 22 2011,75.19,75.09,75.31,74.86,26.54K,0.35%
Jun 23 2011,75.90,75.35,76.25,75.35,35.97K,0.94%
Jun 24 2011,76.21,75.70,76.28,75.47,38.76K,0.41%
Jun 27 2011,75.83,76.19,76.59,75.71,35.33K,-0.50%
Jun 28 2011,75.49,75.67,75.96,75.26,26.63K,-0.45%
Jun 29 2011,75.07,75.48,75.54,75.00,35.85K,-0.56%
Jun 30 2011,74.64,74.92,74.92,74.54,32.86K,-0.57%
Jul 01 2011,74.67,74.82,75.06,74.50,17.68K,0.04%
Jul 04 2011,74.57,74.52,74.69,74.41,3.42K,-0.13%
Jul 05 2011,74.98,74.53,75.05,74.53,17.34K,0.55%
Jul 06 2011,75.44,74.92,75.53,74.77,19.82K,0.61%
Jul 07 2011,75.26,75.27,75.75,75.15,21.50K,-0.24%
Jul 08 2011,75.51,75.22,75.73,75.13,32.10K,0.33%
Jul 11 2011,76.37,75.56,76.56,75.54,36.06K,1.14%
Jul 12 2011,76.23,76.39,77.17,76.08,49.26K,-0.18%
Jul 13 2011,75.55,76.39,76.45,75.37,37.20K,-0.89%
Jul 14 2011,75.56,75.06,75.64,74.99,37.68K,0.01%
Jul 15 2011,75.52,75.44,75.75,75.29,24.78K,-0.05%
Jul 18 2011,75.79,75.52,76.11,75.48,30.61K,0.36%
Jul 19 2011,75.51,75.63,75.82,75.18,26.07K,-0.37%
Jul 20 2011,75.09,75.39,75.52,75.02,26.90K,-0.56%
Jul 21 2011,74.23,74.97,75.37,74.12,44.56K,-1.15%
Jul 22 2011,74.41,74.25,74.60,74.16,22.18K,0.24%
Jul 25 2011,74.25,74.18,74.51,74.17,17.62K,-0.22%
Jul 26 2011,73.63,74.31,74.39,73.61,28.55K,-0.84%
Jul 27 2011,74.27,73.69,74.39,73.58,32.91K,0.87%
Jul 28 2011,74.39,74.30,74.58,74.05,23.40K,0.16%
Jul 29 2011,74.04,74.33,74.69,73.86,29.00K,-0.47%
Aug 01 2011,74.46,74.13,74.75,73.75,31.79K,0.57%
Aug 02 2011,74.67,74.49,74.92,74.34,30.44K,0.28%
Aug 03 2011,74.20,74.72,74.86,74.08,25.69K,-0.63%
Aug 04 2011,75.36,74.08,75.55,74.02,56.64K,1.56%
Aug 05 2011,74.80,75.57,75.64,74.67,39.56K,-0.74%
Aug 08 2011,74.94,74.39,75.22,74.15,38.49K,0.19%
Aug 09 2011,74.72,75.02,75.10,73.99,39.24K,-0.29%
Aug 10 2011,74.77,74.13,74.92,73.91,40.23K,0.07%
Aug 11 2011,74.81,75.01,75.39,74.45,34.06K,0.05%
Aug 12 2011,74.74,74.80,75.06,74.50,17.46K,-0.09%
Aug 15 2011,73.93,74.67,74.75,73.84,21.63K,-1.08%
Aug 16 2011,74.09,74.00,74.27,73.84,18.95K,0.22%
Aug 17 2011,73.76,74.14,74.31,73.52,21.32K,-0.45%
Aug 18 2011,74.31,73.88,74.55,73.81,26.53K,0.75%
Aug 19 2011,74.11,74.47,74.57,73.69,25.81K,-0.27%
Aug 22 2011,74.17,74.14,74.25,73.88,14.00K,0.08%
Aug 23 2011,73.96,74.25,74.26,73.64,21.84K,-0.28%
Aug 24 2011,74.09,73.90,74.17,73.72,20.30K,0.18%
Aug 25 2011,74.36,74.11,74.50,73.89,22.39K,0.36%
Aug 26 2011,73.87,74.28,74.55,73.77,29.82K,-0.66%
Aug 29 2011,73.78,73.78,73.91,73.56,13.34K,-0.12%
Aug 30 2011,74.00,73.75,74.25,73.68,26.00K,0.30%
Aug 31 2011,74.17,74.06,74.25,73.89,18.83K,0.23%
Sep 01 2011,74.56,74.23,74.86,74.20,25.42K,0.53%
Sep 02 2011,74.84,74.59,74.86,74.34,24.49K,0.38%
Sep 05 2011,75.22,74.91,75.42,74.91,9.85K,0.51%
Sep 06 2011,76.06,75.37,76.11,74.67,50.08K,1.12%
Sep 07 2011,75.57,75.94,75.97,75.32,32.65K,-0.64%
Sep 08 2011,76.35,75.58,76.41,75.57,32.57K,1.03%
Sep 09 2011,77.30,76.35,77.38,76.14,60.33K,1.24%
Sep 12 2011,77.67,77.58,77.89,77.13,41.98K,0.48%
Sep 13 2011,77.00,77.36,77.70,76.89,40.74K,-0.86%
Sep 14 2011,76.88,77.14,77.56,76.72,41.43K,-0.16%
Sep 15 2011,76.27,76.88,77.11,76.09,27.94K,-0.79%
Sep 16 2011,76.59,76.33,76.79,76.32,11.82K,0.42%
Sep 19 2011,77.44,77.07,77.50,76.97,3.88K,1.11%
Sep 20 2011,77.53,77.83,77.96,77.33,24.75K,0.12%
Sep 21 2011,77.86,77.45,78.45,77.23,46.34K,0.43%
Sep 22 2011,79.10,78.40,79.40,78.33,49.77K,1.59%
Sep 23 2011,79.23,78.90,79.32,78.59,37.46K,0.16%
Sep 26 2011,79.06,79.00,79.64,78.69,28.76K,-0.21%
Sep 27 2011,78.03,78.82,79.00,77.93,31.88K,-1.30%
Sep 28 2011,78.43,78.32,78.66,77.83,32.96K,0.51%
Sep 29 2011,78.60,78.73,78.75,78.03,26.82K,0.22%
Sep 30 2011,79.08,78.45,79.31,78.37,29.98K,0.61%
Oct 03 2011,79.94,79.44,80.22,79.31,33.15K,1.09%
Oct 04 2011,80.10,80.12,80.43,79.38,36.82K,0.20%
Oct 05 2011,79.39,79.64,79.87,79.28,31.50K,-0.89%
Oct 06 2011,79.09,79.46,79.98,78.94,34.51K,-0.38%
Oct 07 2011,79.15,79.05,79.25,78.45,35.47K,0.08%
Oct 10 2011,77.81,79.08,79.18,77.67,25.66K,-1.69%
Oct 11 2011,77.91,77.98,78.28,77.78,21.27K,0.13%
Oct 12 2011,77.27,78.00,78.24,77.11,35.04K,-0.82%
Oct 13 2011,77.28,77.31,77.74,77.09,22.77K,0.01%
Oct 14 2011,76.91,77.42,77.56,76.80,21.32K,-0.48%
Oct 17 2011,77.43,76.81,77.53,76.70,24.55K,0.68%
Oct 18 2011,77.41,77.46,77.86,77.05,35.32K,-0.03%
Oct 19 2011,77.42,77.45,77.49,76.81,30.30K,0.01%
Oct 20 2011,77.24,77.36,77.79,76.97,36.14K,-0.23%
Oct 21 2011,76.63,77.19,77.50,76.47,33.56K,-0.79%
Oct 24 2011,76.26,76.60,76.78,76.19,31.90K,-0.48%
Oct 25 2011,76.32,76.33,76.66,76.14,35.70K,0.08%
Oct 26 2011,76.47,76.48,76.87,76.06,32.04K,0.20%
Oct 27 2011,75.01,76.45,76.46,74.86,46.91K,-1.91%
Oct 28 2011,75.22,75.08,75.31,75.05,20.16K,0.28%
Oct 31 2011,76.31,75.22,76.72,75.11,34.59K,1.45%
Nov 01 2011,77.39,76.63,77.84,76.59,37.57K,1.42%
Nov 02 2011,77.18,77.62,77.64,76.85,30.02K,-0.27%
Nov 03 2011,76.86,77.50,77.68,76.75,42.77K,-0.41%
Nov 04 2011,77.16,76.89,77.50,76.78,33.58K,0.39%
Nov 07 2011,77.14,77.05,77.59,77.00,20.69K,-0.03%
Nov 08 2011,76.75,77.22,77.36,76.72,19.05K,-0.51%
Nov 09 2011,78.17,76.77,78.25,76.67,33.77K,1.85%
Nov 10 2011,77.97,78.22,78.42,77.62,26.24K,-0.26%
Nov 11 2011,77.13,77.89,77.96,76.92,17.02K,-1.08%
Nov 14 2011,77.75,76.97,77.84,76.92,19.17K,0.80%
Nov 15 2011,78.06,77.66,78.31,77.62,25.21K,0.40%
Nov 16 2011,78.21,78.17,78.61,78.04,26.32K,0.19%
Nov 17 2011,78.49,78.58,78.69,78.14,23.04K,0.36%
Nov 18 2011,78.25,78.54,78.56,77.74,25.83K,-0.31%
Nov 21 2011,78.46,78.23,78.71,78.14,21.50K,0.27%
Nov 22 2011,78.44,78.46,78.61,78.16,22.88K,-0.03%
Nov 23 2011,79.35,78.33,79.40,78.33,7.65K,1.16%
Nov 24 2011,79.35,79.19,79.38,78.92,7.65K,0.00%
Nov 25 2011,79.83,79.39,79.88,79.33,14.69K,0.60%
Nov 28 2011,79.44,79.45,79.58,78.95,24.50K,-0.49%
Nov 29 2011,79.15,79.46,79.53,78.69,20.98K,-0.37%
Nov 30 2011,78.49,79.19,79.52,78.01,30.42K,-0.83%
Dec 01 2011,78.43,78.48,78.64,78.14,21.20K,-0.08%
Dec 02 2011,78.73,78.30,78.89,78.06,20.89K,0.38%
Dec 05 2011,78.67,78.73,78.78,78.27,20.67K,-0.08%
Dec 06 2011,78.57,78.69,78.97,78.52,16.65K,-0.13%
Dec 07 2011,78.55,78.58,78.81,78.36,15.68K,-0.03%
Dec 08 2011,78.91,78.49,79.09,78.15,22.61K,0.46%
Dec 09 2011,78.68,78.88,79.19,78.48,14.95K,-0.29%
Dec 12 2011,79.58,78.78,79.70,78.69,33.59K,1.14%
Dec 13 2011,80.29,79.64,80.45,79.35,40.15K,0.89%
Dec 14 2011,80.62,80.29,80.78,80.14,36.53K,0.41%
Dec 15 2011,80.34,80.56,80.63,80.13,22.85K,-0.35%
Dec 16 2011,80.25,80.17,80.39,79.94,13.15K,-0.11%
Dec 19 2011,80.21,80.30,80.47,80.12,0.97K,-0.05%
Dec 20 2011,80.27,80.89,80.94,80.03,22.95K,0.07%
Dec 21 2011,80.35,80.11,80.44,79.55,24.14K,0.10%
Dec 22 2011,80.31,80.36,80.50,79.95,13.24K,-0.05%
Dec 23 2011,80.24,80.21,80.38,80.06,7.17K,-0.09%
Dec 26 2011,80.32,80.32,80.32,80.32,-,0.10%
Dec 27 2011,80.14,80.15,80.23,80.04,5.66K,-0.22%
Dec 28 2011,80.88,80.14,81.03,80.06,21.11K,0.92%
Dec 29 2011,80.91,81.08,81.31,80.77,15.45K,0.04%
Dec 30 2011,80.52,80.83,81.03,80.36,12.44K,-0.48%
Jan 02 2012,80.58,80.58,80.58,80.58,-,0.07%
Jan 03 2012,79.91,80.16,80.22,79.83,20.04K,-0.83%
Jan 04 2012,80.42,79.97,80.64,79.84,14.08K,0.64%
Jan 05 2012,81.25,80.45,81.34,80.39,18.59K,1.03%
Jan 06 2012,81.60,81.25,81.72,81.06,26.72K,0.43%
Jan 09 2012,81.39,81.67,81.86,81.25,16.30K,-0.26%
Jan 10 2012,81.10,81.27,81.40,81.02,14.03K,-0.36%
Jan 11 2012,81.61,81.30,81.78,81.10,19.40K,0.63%
Jan 12 2012,81.04,81.53,81.64,80.95,21.28K,-0.70%
Jan 13 2012,81.79,81.06,82.05,80.73,5.65K,0.93%
Jan 16 2012,81.58,81.86,81.96,81.58,-,-0.25%
Jan 17 2012,81.43,81.67,81.68,81.01,20.23K,-0.19%
Jan 18 2012,80.82,81.28,81.38,80.67,22.23K,-0.75%
Jan 19 2012,80.41,80.72,80.81,80.23,21.62K,-0.51%
Jan 20 2012,80.41,80.28,80.64,80.19,14.82K,0.00%
Jan 23 2012,79.93,80.53,80.58,79.75,24.81K,-0.60%
Jan 24 2012,80.03,79.92,80.34,79.78,24.90K,0.13%
Jan 25 2012,79.72,79.97,80.50,79.52,36.15K,-0.39%
Jan 26 2012,79.51,79.64,79.65,79.19,28.88K,-0.26%
Jan 27 2012,79.01,79.62,79.63,78.89,28.70K,-0.63%
Jan 30 2012,79.30,78.96,79.57,78.96,22.36K,0.37%
Jan 31 2012,79.42,79.17,79.63,78.86,24.95K,0.15%
Feb 01 2012,79.03,79.48,79.67,78.75,34.83K,-0.49%
Feb 02 2012,79.11,78.91,79.31,78.84,19.65K,0.10%
Feb 03 2012,79.06,79.12,79.48,78.81,25.78K,-0.06%
Feb 06 2012,79.19,79.19,79.64,79.10,18.55K,0.16%
Feb 07 2012,78.67,79.20,79.37,78.57,34.45K,-0.66%
Feb 08 2012,78.73,78.64,78.86,78.51,25.58K,0.08%
Feb 09 2012,78.65,78.80,78.89,78.43,26.57K,-0.10%
Feb 10 2012,79.23,78.66,79.31,78.66,28.29K,0.74%
Feb 13 2012,79.05,78.95,79.12,78.72,20.79K,-0.23%
Feb 14 2012,79.69,79.20,79.77,79.02,32.50K,0.81%
Feb 15 2012,79.78,79.56,79.86,79.20,33.37K,0.11%
Feb 16 2012,79.45,79.86,80.24,79.37,35.09K,-0.41%
Feb 17 2012,79.46,79.48,79.59,79.25,5.53K,0.01%
Feb 20 2012,79.10,79.19,79.33,78.91,-,-0.45%
Feb 21 2012,79.14,79.20,79.36,78.89,23.77K,0.05%
Feb 22 2012,79.30,79.20,79.47,79.08,22.46K,0.20%
Feb 23 2012,78.89,79.34,79.37,78.66,34.29K,-0.52%
Feb 24 2012,78.40,78.68,78.82,78.26,34.10K,-0.62%
Feb 27 2012,78.58,78.45,78.72,78.40,34.10K,0.23%
Feb 28 2012,78.30,78.55,78.64,78.22,27.92K,-0.36%
Feb 29 2012,78.79,78.22,78.93,78.12,36.18K,0.63%
Mar 01 2012,78.83,78.80,79.00,78.69,20.82K,0.05%
Mar 02 2012,79.46,78.83,79.52,78.79,30.12K,0.80%
Mar 05 2012,79.36,79.52,79.64,79.28,19.12K,-0.13%
Mar 06 2012,79.93,79.37,79.94,79.34,28.18K,0.72%
Mar 07 2012,79.76,79.83,79.98,79.64,25.37K,-0.21%
Mar 08 2012,79.18,79.78,79.81,79.10,24.71K,-0.73%
Mar 09 2012,80.08,79.22,80.09,79.19,28.39K,1.14%
Mar 12 2012,79.91,80.03,80.16,79.84,22.99K,-0.21%
Mar 13 2012,80.21,79.82,80.34,79.69,38.08K,0.38%
Mar 14 2012,80.54,80.15,80.62,80.14,38.98K,0.41%
Mar 15 2012,80.14,80.63,80.72,80.03,22.10K,-0.50%
Mar 16 2012,79.73,80.23,80.39,79.73,-,-0.51%
Mar 19 2012,79.71,80.06,80.19,79.61,20.19K,-0.03%
Mar 20 2012,79.83,79.75,80.10,79.69,13.89K,0.15%
Mar 21 2012,79.90,79.81,80.07,79.53,15.86K,0.09%
Mar 22 2012,80.00,79.77,80.19,79.65,21.99K,0.13%
Mar 23 2012,79.58,79.89,80.01,79.33,24.70K,-0.52%
Mar 26 2012,79.18,79.50,79.94,79.06,19.12K,-0.50%
Mar 27 2012,79.22,79.12,79.34,78.93,20.78K,0.05%
Mar 28 2012,79.30,79.29,79.52,79.05,27.63K,0.10%
Mar 29 2012,79.36,79.28,79.53,79.12,19.45K,0.08%
Mar 30 2012,79.14,79.22,79.22,78.87,24.07K,-0.28%
Apr 02 2012,78.96,79.03,79.28,78.92,19.34K,-0.23%
Apr 03 2012,79.64,78.90,79.66,78.80,28.23K,0.86%
Apr 04 2012,79.95,79.56,80.09,79.54,22.84K,0.39%
Apr 05 2012,80.29,79.92,80.36,79.79,4.13K,0.43%
Apr 06 2012,80.09,80.25,80.32,79.94,-,-0.25%
Apr 09 2012,79.92,80.05,80.32,79.83,11.58K,-0.22%
Apr 10 2012,80.10,79.95,80.25,79.78,26.10K,0.23%
Apr 11 2012,79.99,80.11,80.15,79.71,18.55K,-0.14%
Apr 12 2012,79.45,79.92,79.95,79.36,25.77K,-0.68%
Apr 13 2012,80.06,79.50,80.08,79.45,19.56K,0.77%
Apr 16 2012,79.73,80.08,80.34,79.67,25.31K,-0.41%
Apr 17 2012,79.63,79.78,79.94,79.56,15.48K,-0.13%
Apr 18 2012,79.67,79.70,80.03,79.63,15.91K,0.05%
Apr 19 2012,79.71,79.72,79.98,79.52,19.39K,0.05%
Apr 20 2012,79.31,79.67,79.75,79.22,23.41K,-0.50%
Apr 23 2012,79.54,79.38,79.78,79.32,18.45K,0.29%
Apr 24 2012,79.33,79.50,79.53,79.19,16.02K,-0.26%
Apr 25 2012,79.11,79.30,79.42,79.08,20.42K,-0.28%
Apr 26 2012,79.00,79.10,79.17,78.90,17.26K,-0.14%
Apr 27 2012,78.76,79.21,79.33,78.72,22.82K,-0.30%
Apr 30 2012,78.85,78.79,78.96,78.69,19.46K,0.11%
May 01 2012,78.94,78.88,79.05,78.67,13.05K,0.11%
May 02 2012,79.20,78.90,79.40,78.90,19.30K,0.33%
May 03 2012,79.29,79.26,79.53,79.15,20.46K,0.11%
May 04 2012,79.59,79.24,79.61,79.14,24.76K,0.38%
May 07 2012,79.72,79.79,80.14,79.63,21.66K,0.16%
May 08 2012,79.85,79.68,80.08,79.67,25.49K,0.16%
May 09 2012,80.23,80.00,80.42,79.97,38.81K,0.48%
May 10 2012,80.26,80.30,80.34,80.08,28.16K,0.04%
May 11 2012,80.40,80.35,80.48,80.21,21.69K,0.17%
May 14 2012,80.75,80.56,80.86,80.49,30.32K,0.44%
May 15 2012,81.38,80.83,81.45,80.63,49.13K,0.78%
May 16 2012,81.52,81.42,81.75,81.34,37.93K,0.17%
May 17 2012,81.54,81.52,81.83,81.40,47.98K,0.02%
May 18 2012,81.42,81.65,81.93,81.16,31.55K,-0.15%
May 21 2012,81.23,81.30,81.56,81.03,28.52K,-0.23%
May 22 2012,81.65,81.11,81.94,81.09,33.09K,0.52%
May 23 2012,82.23,81.91,82.36,81.71,38.28K,0.71%
May 24 2012,82.49,82.28,82.53,82.00,35.86K,0.32%
May 25 2012,82.52,82.44,82.61,82.12,10.96K,0.04%
May 28 2012,82.52,82.27,82.38,81.90,26.57K,0.00%
May 29 2012,82.58,82.42,82.71,82.13,25.45K,0.07%
May 30 2012,83.09,82.61,83.17,82.57,28.93K,0.62%
May 31 2012,83.13,83.13,83.30,82.81,31.36K,0.05%
Jun 01 2012,82.97,83.21,83.67,82.70,57.68K,-0.19%
Jun 04 2012,82.66,82.89,83.15,82.55,26.98K,-0.37%
Jun 05 2012,82.91,82.50,83.03,82.40,28.85K,0.30%
Jun 06 2012,82.38,82.82,82.91,82.17,33.40K,-0.64%
Jun 07 2012,82.11,82.25,82.45,81.96,27.25K,-0.33%
Jun 08 2012,82.56,82.28,82.94,82.27,30.05K,0.55%
Jun 11 2012,82.55,82.00,82.65,81.72,30.96K,-0.01%
Jun 12 2012,82.45,82.63,82.75,82.35,41.58K,-0.12%
Jun 13 2012,82.06,82.44,82.59,81.92,44.60K,-0.47%
Jun 14 2012,81.99,82.12,82.30,81.81,29.76K,-0.09%
Jun 15 2012,81.61,81.91,81.94,81.25,12.98K,-0.46%
Jun 18 2012,81.85,81.23,81.92,81.22,0.11K,0.29%
Jun 19 2012,81.59,82.11,82.28,81.39,34.98K,-0.32%
Jun 20 2012,81.73,81.65,81.96,81.41,42.48K,0.17%
Jun 21 2012,82.49,81.69,82.61,81.66,29.68K,0.93%
Jun 22 2012,82.44,82.49,82.67,82.34,22.11K,-0.06%
Jun 25 2012,82.66,82.49,82.83,82.46,18.42K,0.27%
Jun 26 2012,82.54,82.65,82.86,82.43,25.70K,-0.15%
Jun 27 2012,82.81,82.58,82.91,82.47,19.50K,0.33%
Jun 28 2012,83.01,82.75,83.07,82.41,31.16K,0.24%
Jun 29 2012,81.75,82.89,82.91,81.56,40.49K,-1.52%
Jul 02 2012,82.01,81.73,82.09,81.66,17.07K,0.32%
Jul 03 2012,81.87,82.03,82.14,81.81,14.99K,-0.17%
Jul 04 2012,81.87,81.92,82.37,81.89,4.86K,0.00%
Jul 05 2012,82.94,82.34,83.08,82.18,27.61K,1.31%
Jul 06 2012,83.56,82.91,83.61,82.89,30.58K,0.75%
Jul 09 2012,83.35,83.56,83.63,83.27,23.71K,-0.25%
Jul 10 2012,83.56,83.31,83.65,83.14,18.93K,0.25%
Jul 11 2012,83.73,83.54,83.76,83.25,19.05K,0.20%
Jul 12 2012,83.81,83.60,83.98,83.58,18.84K,0.10%
Jul 13 2012,83.47,83.86,83.94,83.38,23.23K,-0.41%
Jul 16 2012,83.22,83.40,83.77,83.13,15.63K,-0.30%
Jul 17 2012,83.17,83.26,83.69,83.03,19.75K,-0.06%
Jul 18 2012,83.20,83.12,83.46,83.05,14.57K,0.04%
Jul 19 2012,82.98,83.11,83.25,82.80,18.93K,-0.26%
Jul 20 2012,83.57,83.02,83.67,82.97,22.20K,0.71%
Jul 23 2012,83.81,83.75,84.14,83.72,22.95K,0.29%
Jul 24 2012,84.14,83.83,84.25,83.76,18.64K,0.39%
Jul 25 2012,83.64,84.14,84.17,83.62,18.75K,-0.59%
Jul 26 2012,82.86,83.75,83.85,82.66,35.68K,-0.93%
Jul 27 2012,82.77,82.93,83.06,82.40,34.35K,-0.11%
Jul 30 2012,82.87,82.75,83.05,82.73,13.97K,0.12%
Jul 31 2012,82.71,82.86,82.94,82.56,14.74K,-0.19%
Aug 01 2012,83.18,82.78,83.27,82.54,20.04K,0.57%
Aug 02 2012,83.45,83.17,83.61,82.22,37.92K,0.32%
Aug 03 2012,82.45,83.43,83.47,82.36,24.43K,-1.20%
Aug 06 2012,82.30,82.41,82.62,82.12,15.13K,-0.18%
Aug 07 2012,82.25,82.33,82.42,82.06,16.55K,-0.06%
Aug 08 2012,82.44,82.38,82.57,82.30,15.85K,0.23%
Aug 09 2012,82.71,82.36,82.86,82.27,17.79K,0.33%
Aug 10 2012,82.63,82.70,82.94,82.50,16.66K,-0.10%
Aug 13 2012,82.49,82.64,82.77,82.28,13.10K,-0.17%
Aug 14 2012,82.53,82.53,82.61,82.25,15.66K,0.05%
Aug 15 2012,82.71,82.59,82.84,82.51,12.11K,0.22%
Aug 16 2012,82.42,82.69,82.96,82.38,19.64K,-0.35%
Aug 17 2012,82.66,82.44,82.83,82.38,15.87K,0.29%
Aug 20 2012,82.50,82.56,82.77,82.44,11.08K,-0.19%
Aug 21 2012,81.92,82.48,82.51,81.81,27.41K,-0.70%
Aug 22 2012,81.50,81.90,82.14,81.47,26.96K,-0.51%
Aug 23 2012,81.36,81.48,81.53,81.22,22.21K,-0.17%
Aug 24 2012,81.60,81.39,81.75,81.36,15.49K,0.29%
Aug 27 2012,81.69,81.61,81.73,81.50,9.52K,0.11%
Aug 28 2012,81.38,81.70,81.84,81.28,12.83K,-0.38%
Aug 29 2012,81.56,81.36,81.61,81.35,11.04K,0.22%
Aug 30 2012,81.71,81.57,81.78,81.41,12.38K,0.18%
Aug 31 2012,81.22,81.70,81.74,80.96,24.48K,-0.60%
Sep 03 2012,81.22,81.21,81.33,81.12,4.73K,0.00%
Sep 04 2012,81.32,81.23,81.39,81.06,12.61K,0.12%
Sep 05 2012,81.23,81.49,81.67,81.11,19.88K,-0.11%
Sep 06 2012,81.03,81.25,81.45,81.00,24.21K,-0.25%
Sep 07 2012,80.23,81.12,81.14,80.14,28.23K,-0.99%
Sep 10 2012,80.34,80.19,80.40,80.17,20.65K,0.14%
Sep 11 2012,79.84,80.36,80.37,79.77,20.18K,-0.62%
Sep 12 2012,79.72,79.86,79.99,79.50,35.30K,-0.15%
Sep 13 2012,79.24,79.67,80.08,79.15,29.55K,-0.60%
Sep 14 2012,78.84,79.23,79.27,78.60,16.15K,-0.50%
Sep 17 2012,78.84,78.84,79.02,78.75,0.88K,0.00%
Sep 18 2012,79.35,79.08,79.36,79.03,15.26K,0.65%
Sep 19 2012,79.13,79.27,79.48,79.07,19.02K,-0.28%
Sep 20 2012,79.48,79.14,79.75,79.13,27.15K,0.44%
Sep 21 2012,79.40,79.46,79.52,79.11,18.66K,-0.10%
Sep 24 2012,79.58,79.42,79.83,79.42,18.01K,0.23%
Sep 25 2012,79.61,79.56,79.75,79.38,16.29K,0.04%
Sep 26 2012,79.95,79.72,80.08,79.67,17.20K,0.43%
Sep 27 2012,79.59,79.86,80.01,79.55,18.22K,-0.45%
Sep 28 2012,80.03,79.62,80.09,79.42,22.45K,0.55%
Oct 01 2012,79.91,80.05,80.25,79.67,18.31K,-0.15%
Oct 02 2012,79.83,79.89,79.94,79.56,15.25K,-0.10%
Oct 03 2012,80.06,79.86,80.09,79.80,13.94K,0.29%
Oct 04 2012,79.44,79.94,80.00,79.36,20.03K,-0.77%
Oct 05 2012,79.43,79.48,79.53,79.18,17.73K,-0.01%
Oct 08 2012,79.62,79.47,79.81,79.43,8.99K,0.24%
Oct 09 2012,80.07,79.65,80.19,79.57,24.27K,0.57%
Oct 10 2012,80.02,80.19,80.31,79.94,18.39K,-0.06%
Oct 11 2012,79.86,80.14,80.30,79.78,17.28K,-0.20%
Oct 12 2012,79.74,79.85,79.90,79.58,15.02K,-0.15%
Oct 15 2012,79.81,79.82,80.05,79.68,14.00K,0.09%
Oct 16 2012,79.46,79.75,79.81,79.36,19.14K,-0.44%
Oct 17 2012,79.06,79.22,79.28,78.97,18.83K,-0.50%
Oct 18 2012,79.42,79.12,79.47,79.03,17.86K,0.46%
Oct 19 2012,79.69,79.42,79.75,79.37,17.72K,0.34%
Oct 22 2012,79.74,79.70,79.75,79.53,14.74K,0.06%
Oct 23 2012,80.08,79.62,80.16,79.62,21.58K,0.43%
Oct 24 2012,80.02,80.03,80.25,79.91,18.54K,-0.07%
Oct 25 2012,80.12,80.08,80.22,79.78,17.23K,0.12%
Oct 26 2012,80.16,80.19,80.38,80.00,24.92K,0.05%
Oct 29 2012,80.32,80.08,80.42,80.08,11.54K,0.20%
Oct 30 2012,79.99,80.32,80.38,79.90,14.49K,-0.41%
Oct 31 2012,79.99,80.00,80.06,79.72,16.08K,0.00%
Nov 01 2012,80.14,79.99,80.19,79.92,18.56K,0.19%
Nov 02 2012,80.68,80.11,80.74,80.09,28.23K,0.67%
Nov 05 2012,80.84,80.71,80.92,80.59,18.16K,0.20%
Nov 06 2012,80.72,80.80,80.92,80.65,24.33K,-0.15%
Nov 07 2012,80.87,80.78,81.03,80.36,34.74K,0.19%
Nov 08 2012,80.89,80.94,81.11,80.83,20.68K,0.02%
Nov 09 2012,81.10,80.95,81.17,80.69,23.74K,0.26%
Nov 12 2012,81.11,81.11,81.17,80.98,10.51K,0.01%
Nov 13 2012,81.14,81.19,81.32,81.03,20.69K,0.04%
Nov 14 2012,81.10,81.15,81.22,80.94,23.31K,-0.05%
Nov 15 2012,81.14,81.20,81.25,80.97,24.28K,0.05%
Nov 16 2012,81.31,81.09,81.52,81.08,28.85K,0.21%
Nov 19 2012,80.92,81.25,81.28,80.83,17.49K,-0.48%
Nov 20 2012,81.00,81.03,81.08,80.84,13.52K,0.10%
Nov 21 2012,80.97,80.98,81.30,80.94,4.95K,-0.04%
Nov 22 2012,80.97,80.84,80.92,80.64,15.72K,0.00%
Nov 23 2012,80.24,80.75,80.76,80.16,20.54K,-0.90%
Nov 26 2012,80.27,80.23,80.34,80.18,13.15K,0.04%
Nov 27 2012,80.43,80.12,80.50,80.07,18.60K,0.20%
Nov 28 2012,80.35,80.39,80.61,80.28,15.93K,-0.10%
Nov 29 2012,80.21,80.32,80.36,80.03,19.82K,-0.17%
Nov 30 2012,80.16,80.19,80.34,80.03,15.93K,-0.06%
Dec 03 2012,79.87,80.19,80.22,79.78,23.56K,-0.36%
Dec 04 2012,79.63,79.89,79.92,79.59,21.33K,-0.30%
Dec 05 2012,79.76,79.62,79.84,79.56,17.87K,0.16%
Dec 06 2012,80.25,79.86,80.32,79.72,25.64K,0.61%
Dec 07 2012,80.40,80.27,80.97,80.22,32.25K,0.19%
Dec 10 2012,80.33,80.54,80.57,80.27,19.74K,-0.09%
Dec 11 2012,80.05,80.32,80.37,80.00,17.27K,-0.35%
Dec 12 2012,79.81,80.07,80.11,79.36,45.36K,-0.30%
Dec 13 2012,79.91,79.90,80.03,79.78,19.36K,0.13%
Dec 14 2012,79.56,79.95,79.97,79.50,13.37K,-0.44%
Dec 17 2012,79.51,79.59,79.67,79.49,2.24K,-0.06%
Dec 18 2012,79.39,79.62,79.65,79.29,21.58K,-0.15%
Dec 19 2012,79.31,79.38,79.41,79.02,31.55K,-0.10%
Dec 20 2012,79.31,79.41,79.43,79.06,21.97K,0.00%
Dec 21 2012,79.71,79.38,79.73,79.34,22.72K,0.50%
Dec 24 2012,79.75,79.70,79.80,79.44,8.26K,0.05%
Dec 26 2012,79.70,79.73,79.81,79.47,9.97K,-0.06%
Dec 27 2012,79.72,79.64,79.89,79.42,15.35K,0.03%
Dec 28 2012,79.78,79.72,80.05,79.69,15.29K,0.08%
Dec 31 2012,79.87,79.73,79.96,79.69,11.78K,0.11%
Jan 02 2013,79.95,79.62,80.03,79.46,18.90K,0.10%
Jan 03 2013,80.52,79.93,80.59,79.92,33.63K,0.71%
Jan 04 2013,80.61,80.77,81.00,80.52,40.39K,0.11%
Jan 07 2013,80.37,80.61,80.80,80.33,36.59K,-0.30%
Jan 08 2013,80.44,80.31,80.57,80.22,15.52K,0.09%
Jan 09 2013,80.68,80.51,80.75,80.45,27.72K,0.30%
Jan 10 2013,79.82,80.75,80.79,79.75,38.46K,-1.07%
Jan 11 2013,79.61,79.86,79.93,79.49,30.22K,-0.26%
Jan 14 2013,79.54,79.53,79.71,79.41,25.94K,-0.09%
Jan 15 2013,79.83,79.54,79.94,79.44,33.21K,0.36%
Jan 16 2013,79.85,79.77,79.95,79.66,21.23K,0.03%
Jan 17 2013,79.71,79.80,79.95,79.61,25.25K,-0.18%
Jan 18 2013,80.12,79.76,80.28,79.71,26.10K,0.51%
Jan 21 2013,80.12,80.16,80.19,80.00,9.90K,0.00%
Jan 22 2013,79.97,80.19,80.19,79.78,24.74K,-0.19%
Jan 23 2013,79.99,79.94,80.22,79.77,18.76K,0.03%
Jan 24 2013,80.01,80.05,80.22,79.92,18.94K,0.03%
Jan 25 2013,79.82,80.08,80.17,79.75,28.05K,-0.24%
Jan 28 2013,79.87,79.84,80.00,79.78,19.55K,0.06%
Jan 29 2013,79.62,79.85,79.94,79.58,21.06K,-0.31%
Jan 30 2013,79.33,79.62,79.67,79.21,35.29K,-0.36%
Jan 31 2013,79.23,79.28,79.40,79.16,30.05K,-0.13%
Feb 01 2013,79.14,79.14,79.33,78.92,43.79K,-0.11%
Feb 04 2013,79.57,79.17,79.64,79.17,27.26K,0.54%
Feb 05 2013,79.53,79.65,79.81,79.49,31.43K,-0.05%
Feb 06 2013,79.77,79.56,79.93,79.53,25.29K,0.30%
Feb 07 2013,80.26,79.81,80.34,79.58,46.43K,0.61%
Feb 08 2013,80.32,80.30,80.35,80.01,25.10K,0.07%
Feb 11 2013,80.39,80.28,80.47,80.17,29.30K,0.09%
Feb 12 2013,80.16,80.42,80.59,79.99,27.87K,-0.29%
Feb 13 2013,80.17,80.10,80.25,79.92,28.47K,0.01%
Feb 14 2013,80.54,80.18,80.71,80.14,34.17K,0.46%
Feb 15 2013,80.58,80.48,80.67,80.31,19.40K,0.05%
Feb 18 2013,80.58,80.70,80.83,80.61,9.34K,0.00%
Feb 19 2013,80.55,80.75,80.77,80.50,15.64K,-0.04%
Feb 20 2013,81.16,80.46,81.23,80.35,40.94K,0.76%
Feb 21 2013,81.55,81.17,81.62,81.12,39.69K,0.48%
Feb 22 2013,81.58,81.48,81.70,81.26,33.31K,0.04%
Feb 25 2013,81.78,81.70,82.00,81.17,50.84K,0.25%
Feb 26 2013,81.94,81.93,82.03,81.63,46.51K,0.20%
Feb 27 2013,81.67,81.94,81.98,81.56,38.85K,-0.33%
Feb 28 2013,82.00,81.61,82.08,81.53,27.99K,0.40%
Mar 01 2013,82.36,82.01,82.58,81.85,34.83K,0.44%
Mar 04 2013,82.25,82.36,82.53,82.23,19.76K,-0.13%
Mar 05 2013,82.15,82.21,82.30,81.95,25.02K,-0.12%
Mar 06 2013,82.51,82.02,82.64,81.97,26.04K,0.44%
Mar 07 2013,82.12,82.61,82.62,82.00,35.17K,-0.47%
Mar 08 2013,82.73,82.17,82.94,82.11,39.05K,0.74%
Mar 11 2013,82.58,82.76,82.89,82.53,31.26K,-0.18%
Mar 12 2013,82.59,82.67,82.81,82.42,30.03K,0.01%
Mar 13 2013,82.90,82.58,83.07,82.35,50.33K,0.38%
Mar 14 2013,82.62,82.92,83.18,82.44,36.80K,-0.34%
Mar 15 2013,82.26,82.53,82.61,82.06,15.35K,-0.44%
Mar 18 2013,82.57,82.68,82.83,82.55,0.68K,0.38%
Mar 19 2013,83.21,82.94,83.31,82.83,32.72K,0.78%
Mar 20 2013,82.95,83.24,83.25,82.72,30.49K,-0.31%
Mar 21 2013,82.91,83.00,83.19,82.83,22.59K,-0.05%
Mar 22 2013,82.53,82.96,82.98,82.44,27.12K,-0.46%
Mar 25 2013,83.00,82.61,83.11,81.83,30.09K,0.57%
Mar 26 2013,83.05,83.02,83.17,82.88,19.34K,0.06%
Mar 27 2013,83.41,83.04,83.52,83.01,28.79K,0.43%
Mar 28 2013,83.17,83.42,83.46,83.02,20.73K,-0.29%
Apr 01 2013,82.90,83.17,83.36,82.81,12.02K,-0.32%
Apr 02 2013,83.09,82.87,83.13,82.64,16.80K,0.23%
Apr 03 2013,82.86,83.08,83.25,82.77,20.05K,-0.28%
Apr 04 2013,82.80,82.84,83.66,82.74,43.46K,-0.07%
Apr 05 2013,82.60,82.88,83.01,82.31,30.71K,-0.24%
Apr 08 2013,82.87,82.75,82.95,82.61,19.37K,0.33%
Apr 09 2013,82.41,82.78,82.82,82.38,21.87K,-0.56%
Apr 10 2013,82.63,82.48,82.67,82.32,24.75K,0.27%
Apr 11 2013,82.33,82.65,82.68,82.14,27.95K,-0.36%
Apr 12 2013,82.41,82.30,82.58,82.14,25.29K,0.10%
Apr 15 2013,82.51,82.19,82.55,82.19,30.02K,0.12%
Apr 16 2013,81.82,82.39,82.62,81.78,42.10K,-0.84%
Apr 17 2013,82.79,81.89,82.81,81.89,51.70K,1.19%
Apr 18 2013,82.68,82.73,82.75,82.46,24.10K,-0.13%
Apr 19 2013,82.85,82.67,82.89,82.40,30.43K,0.21%
Apr 22 2013,82.82,82.83,83.05,82.73,29.89K,-0.04%
Apr 23 2013,83.19,82.77,83.20,82.65,28.99K,0.45%
Apr 24 2013,83.03,83.21,83.33,82.97,24.95K,-0.19%
Apr 25 2013,82.84,83.03,83.06,82.48,30.93K,-0.23%
Apr 26 2013,82.57,82.89,82.91,82.46,25.97K,-0.33%
Apr 29 2013,82.20,82.44,82.52,82.10,22.78K,-0.45%
Apr 30 2013,81.81,82.22,82.36,81.64,34.63K,-0.47%
May 01 2013,81.52,81.74,81.78,81.37,24.79K,-0.35%
May 02 2013,82.28,81.64,82.42,81.54,43.07K,0.93%
May 03 2013,82.19,82.29,82.61,81.83,41.77K,-0.11%
May 06 2013,82.38,82.14,82.47,82.04,20.04K,0.23%
May 07 2013,82.33,82.38,82.42,82.12,18.35K,-0.06%
May 08 2013,81.95,82.36,82.40,81.78,25.10K,-0.46%
May 09 2013,82.88,81.97,82.92,81.83,34.97K,1.13%
May 10 2013,83.23,82.81,83.52,82.77,45.85K,0.42%
May 13 2013,83.36,83.27,83.45,83.15,21.77K,0.16%
May 14 2013,83.71,83.25,83.83,83.05,44.35K,0.42%
May 15 2013,83.96,83.72,84.22,83.68,41.08K,0.30%
May 16 2013,83.72,83.89,84.12,83.57,40.06K,-0.29%
May 17 2013,84.39,83.88,84.52,83.86,47.33K,0.80%
May 20 2013,83.84,84.24,84.40,83.80,34.69K,-0.65%
May 21 2013,83.95,83.89,84.30,83.73,42.61K,0.13%
May 22 2013,84.46,83.86,84.51,83.52,70.88K,0.61%
May 23 2013,83.80,84.44,84.59,83.67,61.59K,-0.78%
May 24 2013,83.76,83.92,84.02,83.50,39.61K,-0.05%
May 27 2013,83.76,83.69,83.76,83.56,4.03K,0.00%
May 28 2013,84.17,83.72,84.36,83.70,39.15K,0.49%
May 29 2013,83.70,84.39,84.43,83.54,47.18K,-0.56%
May 30 2013,83.07,83.61,83.77,83.01,50.61K,-0.75%
May 31 2013,83.40,83.10,83.65,83.05,40.09K,0.40%
Jun 03 2013,82.69,83.36,83.42,82.45,50.02K,-0.85%
Jun 04 2013,82.80,82.73,83.00,82.63,25.27K,0.13%
Jun 05 2013,82.61,82.86,82.91,82.50,42.71K,-0.23%
Jun 06 2013,81.54,82.61,82.69,81.06,106.68K,-1.30%
Jun 07 2013,81.66,81.58,81.86,81.08,74.33K,0.15%
Jun 10 2013,81.65,81.80,82.09,81.59,54.89K,-0.01%
Jun 11 2013,81.11,81.72,81.75,81.03,59.58K,-0.66%
Jun 12 2013,80.95,81.10,81.31,80.75,66.88K,-0.20%
Jun 13 2013,80.74,80.86,80.98,80.50,28.56K,-0.26%
Jun 14 2013,80.65,80.75,81.00,80.59,14.58K,-0.11%
Jun 17 2013,80.73,80.64,80.81,80.63,0.79K,0.10%
Jun 18 2013,80.75,80.81,81.16,80.71,43.94K,0.02%
Jun 19 2013,81.59,80.86,81.67,80.61,47.80K,1.04%
Jun 20 2013,82.10,81.56,82.32,81.44,58.00K,0.63%
Jun 21 2013,82.52,81.91,82.75,81.77,53.83K,0.51%
Jun 24 2013,82.63,82.71,83.05,82.53,42.42K,0.13%
Jun 25 2013,82.80,82.58,82.95,82.44,38.00K,0.21%
Jun 26 2013,83.23,82.92,83.28,82.73,29.40K,0.52%
Jun 27 2013,83.15,83.13,83.43,83.02,30.55K,-0.10%
Jun 28 2013,83.38,83.23,83.59,82.97,35.53K,0.28%
Jul 01 2013,83.25,83.41,83.47,83.17,25.01K,-0.16%
Jul 02 2013,83.76,83.20,83.83,83.17,31.75K,0.61%
Jul 03 2013,83.45,83.79,83.94,83.28,33.94K,-0.37%
Jul 04 2013,83.45,83.36,84.16,83.33,14.54K,0.00%
Jul 05 2013,84.69,84.12,84.93,84.06,50.50K,1.49%
Jul 08 2013,84.41,84.83,84.83,84.36,31.40K,-0.33%
Jul 09 2013,84.78,84.48,84.97,84.31,41.45K,0.44%
Jul 10 2013,84.23,84.88,84.92,83.64,51.06K,-0.65%
Jul 11 2013,82.92,82.87,83.42,82.60,52.53K,-1.56%
Jul 12 2013,83.16,82.93,83.40,82.89,32.22K,0.29%
Jul 15 2013,83.20,83.11,83.62,83.03,27.75K,0.05%
Jul 16 2013,82.64,83.25,83.27,82.53,32.23K,-0.67%
Jul 17 2013,82.84,82.69,83.06,82.47,52.42K,0.24%
Jul 18 2013,82.95,82.82,83.16,82.76,25.50K,0.13%
Jul 19 2013,82.71,82.91,83.06,82.62,21.30K,-0.29%
Jul 22 2013,82.32,82.70,82.74,82.13,31.66K,-0.47%
Jul 23 2013,82.04,82.27,82.47,82.01,25.19K,-0.34%
Jul 24 2013,82.40,82.12,82.52,82.02,34.34K,0.44%
Jul 25 2013,82.05,82.45,82.50,81.71,26.39K,-0.42%
Jul 26 2013,81.76,81.88,81.92,81.64,25.30K,-0.35%
Jul 29 2013,81.76,81.78,81.94,81.61,27.24K,0.00%
Jul 30 2013,81.92,81.81,82.09,81.69,34.46K,0.20%
Jul 31 2013,81.54,81.93,82.30,81.48,62.80K,-0.46%
Aug 01 2013,82.43,81.76,82.50,81.69,44.85K,1.09%
Aug 02 2013,81.98,82.43,82.61,81.90,43.03K,-0.55%
Aug 05 2013,81.94,82.01,82.16,81.81,24.48K,-0.05%
Aug 06 2013,81.66,81.93,82.02,81.56,28.73K,-0.34%
Aug 07 2013,81.32,81.62,81.88,81.27,39.51K,-0.42%
Aug 08 2013,81.03,81.33,81.39,80.89,36.43K,-0.36%
Aug 09 2013,81.17,81.10,81.22,80.97,18.62K,0.17%
Aug 12 2013,81.37,81.19,81.55,81.11,21.12K,0.25%
Aug 13 2013,81.81,81.52,81.92,81.44,26.37K,0.54%
Aug 14 2013,81.76,81.80,81.91,81.66,20.07K,-0.06%
Aug 15 2013,81.21,81.67,82.00,81.11,38.71K,-0.67%
Aug 16 2013,81.29,81.17,81.44,81.06,25.75K,0.10%
Aug 19 2013,81.26,81.32,81.42,81.17,21.27K,-0.04%
Aug 20 2013,80.93,81.31,81.38,80.77,30.89K,-0.41%
Aug 21 2013,81.22,80.94,81.55,80.92,37.47K,0.36%
Aug 22 2013,81.53,81.45,81.95,81.41,34.23K,0.38%
Aug 23 2013,81.39,81.55,81.70,81.25,30.45K,-0.17%
Aug 26 2013,81.44,81.40,81.56,81.31,16.70K,0.06%
Aug 27 2013,81.20,81.39,81.61,81.14,34.09K,-0.29%
Aug 28 2013,81.47,81.17,81.64,81.14,31.64K,0.33%
Aug 29 2013,82.00,81.50,82.27,81.42,41.84K,0.65%
Aug 30 2013,82.14,82.03,82.33,81.93,27.16K,0.17%
Sep 02 2013,82.14,82.12,82.36,82.06,9.81K,0.00%
Sep 03 2013,82.40,82.35,82.78,82.28,31.78K,0.32%
Sep 04 2013,82.20,82.41,82.47,82.11,22.10K,-0.24%
Sep 05 2013,82.67,82.22,82.71,82.10,44.64K,0.57%
Sep 06 2013,82.17,82.67,82.70,81.94,39.06K,-0.60%
Sep 09 2013,81.80,82.25,82.33,81.69,31.87K,-0.45%
Sep 10 2013,81.82,81.83,81.98,81.73,29.33K,0.02%
Sep 11 2013,81.52,81.83,81.94,81.45,43.84K,-0.37%
Sep 12 2013,81.49,81.49,81.74,81.35,20.72K,-0.04%
Sep 13 2013,81.45,81.53,81.73,81.42,16.04K,-0.05%
Sep 16 2013,81.07,81.16,81.19,81.00,0.61K,-0.47%
Sep 17 2013,81.30,81.42,81.50,81.25,13.01K,0.28%
Sep 18 2013,80.37,81.30,81.37,80.17,48.16K,-1.14%
Sep 19 2013,80.48,80.28,80.56,80.16,36.22K,0.14%
Sep 20 2013,80.55,80.45,80.69,80.41,22.69K,0.09%
Sep 23 2013,80.57,80.47,80.64,80.39,14.78K,0.02%
Sep 24 2013,80.69,80.57,80.75,80.52,15.62K,0.15%
Sep 25 2013,80.44,80.69,80.74,80.39,19.24K,-0.31%
Sep 26 2013,80.64,80.48,80.76,80.41,17.85K,0.25%
Sep 27 2013,80.38,80.65,80.70,80.20,17.03K,-0.32%
Sep 30 2013,80.32,80.46,80.49,80.11,16.35K,-0.07%
Oct 01 2013,80.25,80.35,80.41,79.95,28.64K,-0.09%
Oct 02 2013,79.99,80.29,80.38,79.88,20.80K,-0.32%
Oct 03 2013,79.85,79.94,80.02,79.72,15.64K,-0.18%
Oct 04 2013,80.22,79.85,80.28,79.78,14.31K,0.46%
Oct 07 2013,80.03,80.20,80.23,79.97,13.14K,-0.24%
Oct 08 2013,80.13,80.00,80.17,79.92,15.81K,0.12%
Oct 09 2013,80.47,79.97,80.86,79.95,29.22K,0.42%
Oct 10 2013,80.52,80.50,80.69,80.39,16.00K,0.06%
Oct 11 2013,80.45,80.58,80.62,80.34,14.42K,-0.09%
Oct 14 2013,80.31,80.39,80.47,80.20,10.07K,-0.17%
Oct 15 2013,80.56,80.44,80.80,80.34,25.39K,0.31%
Oct 16 2013,80.56,80.58,80.85,80.37,18.32K,0.00%
Oct 17 2013,79.72,80.64,80.65,79.68,26.22K,-1.04%
Oct 18 2013,79.73,79.77,79.82,79.55,12.86K,0.01%
Oct 21 2013,79.75,79.73,79.88,79.68,11.06K,0.03%
Oct 22 2013,79.29,79.78,79.86,79.23,20.37K,-0.58%
Oct 23 2013,79.33,79.31,79.44,79.19,13.44K,0.05%
Oct 24 2013,79.25,79.36,79.38,79.14,13.68K,-0.10%
Oct 25 2013,79.25,79.25,79.38,79.06,11.62K,0.00%
Oct 28 2013,79.31,79.30,79.44,79.20,10.85K,0.08%
Oct 29 2013,79.67,79.39,79.74,79.34,18.07K,0.45%
Oct 30 2013,79.84,79.70,79.97,79.48,16.31K,0.21%
Oct 31 2013,80.26,79.82,80.36,79.74,26.16K,0.53%
Nov 01 2013,80.81,80.33,80.87,80.32,31.32K,0.69%
Nov 04 2013,80.64,80.81,81.03,80.61,17.47K,-0.21%
Nov 05 2013,80.79,80.63,80.89,80.58,15.13K,0.19%
Nov 06 2013,80.56,80.78,80.80,80.45,14.70K,-0.28%
Nov 07 2013,80.85,80.62,81.56,80.52,42.95K,0.36%
Nov 08 2013,81.39,80.95,81.58,80.79,32.56K,0.67%
Nov 11 2013,81.20,81.38,81.42,81.13,15.26K,-0.23%
Nov 12 2013,81.25,81.19,81.55,81.08,21.32K,0.06%
Nov 13 2013,80.98,81.22,81.35,80.80,20.98K,-0.33%
Nov 14 2013,81.09,80.86,81.27,80.86,18.55K,0.14%
Nov 15 2013,80.90,81.11,81.21,80.83,14.95K,-0.23%
Nov 18 2013,80.83,80.88,80.97,80.60,13.75K,-0.09%
Nov 19 2013,80.74,80.74,80.88,80.61,14.42K,-0.11%
Nov 20 2013,81.17,80.62,81.20,80.56,31.44K,0.53%
Nov 21 2013,81.12,81.19,81.33,81.00,17.61K,-0.06%
Nov 22 2013,80.74,81.04,81.14,80.69,14.67K,-0.47%
Nov 25 2013,80.96,80.72,81.06,80.67,14.88K,0.27%
Nov 26 2013,80.64,80.83,80.94,80.62,21.77K,-0.40%
Nov 27 2013,80.75,80.69,80.81,80.50,16.93K,0.14%
Nov 28 2013,80.75,80.75,80.75,80.56,2.84K,0.00%
Nov 29 2013,80.66,80.56,80.69,80.50,9.81K,-0.11%
Dec 02 2013,80.94,80.69,80.99,80.51,19.88K,0.35%
Dec 03 2013,80.62,80.95,81.02,80.51,17.51K,-0.40%
Dec 04 2013,80.63,80.67,80.93,80.55,23.06K,0.01%
Dec 05 2013,80.24,80.67,80.84,80.23,33.75K,-0.48%
Dec 06 2013,80.31,80.31,80.64,80.22,22.55K,0.09%
Dec 09 2013,80.14,80.23,80.33,80.12,15.63K,-0.21%
Dec 10 2013,79.96,80.16,80.16,79.83,24.11K,-0.22%
Dec 11 2013,79.89,79.99,80.06,79.75,29.72K,-0.09%
Dec 12 2013,80.21,79.97,80.25,79.85,22.43K,0.40%
Dec 13 2013,80.22,80.22,80.42,80.15,12.71K,0.01%
Dec 16 2013,80.05,80.17,80.17,79.92,1.09K,-0.21%
Dec 17 2013,80.21,80.28,80.44,80.14,12.53K,0.20%
Dec 18 2013,80.25,80.21,80.72,79.50,35.10K,0.05%
Dec 19 2013,80.79,80.67,80.83,80.62,21.72K,0.67%
Dec 20 2013,80.75,80.89,81.00,80.56,23.82K,-0.05%
Dec 23 2013,80.62,80.75,80.75,80.46,18.04K,-0.16%
Dec 24 2013,80.67,80.66,80.78,80.63,5.61K,0.06%
Dec 26 2013,80.65,80.67,80.71,80.59,7.23K,-0.02%
Dec 27 2013,80.54,80.60,80.61,79.82,25.25K,-0.14%
Dec 30 2013,80.12,80.42,80.58,80.06,14.14K,-0.52%
Dec 31 2013,80.19,80.11,80.35,80.09,6.60K,0.09%
Jan 01 2014,80.29,80.29,80.29,80.29,-,0.12%
Jan 02 2014,80.79,80.43,80.86,80.43,22.42K,0.62%
Jan 03 2014,80.95,80.77,81.06,80.64,19.02K,0.20%
Jan 06 2014,80.81,81.00,81.08,80.69,24.67K,-0.17%
Jan 07 2014,80.98,80.86,81.11,80.75,24.80K,0.21%
Jan 08 2014,81.16,81.06,81.33,80.98,38.07K,0.22%
Jan 09 2014,81.14,81.22,81.33,80.98,28.07K,-0.02%
Jan 10 2014,80.75,81.08,81.27,80.62,38.73K,-0.48%
Jan 13 2014,80.61,80.75,80.86,80.56,18.58K,-0.17%
Jan 14 2014,80.76,80.67,80.79,80.54,13.17K,0.19%
Jan 15 2014,81.14,80.75,81.25,80.75,23.12K,0.47%
Jan 16 2014,81.02,81.19,81.20,80.87,21.42K,-0.15%
Jan 17 2014,81.36,81.05,81.43,81.02,21.14K,0.42%
Jan 20 2014,81.36,81.34,81.43,81.17,4.25K,0.00%
Jan 21 2014,81.23,81.31,81.53,81.14,25.59K,-0.16%
Jan 22 2014,81.31,81.17,81.33,81.08,15.00K,0.10%
Jan 23 2014,80.53,81.38,81.40,80.49,34.88K,-0.96%
Jan 24 2014,80.54,80.56,80.64,80.22,26.81K,0.01%
Jan 27 2014,80.61,80.53,80.65,80.39,14.36K,0.09%
Jan 28 2014,80.66,80.59,80.84,80.47,13.15K,0.06%
Jan 29 2014,80.58,80.71,80.90,80.52,22.06K,-0.10%
Jan 30 2014,81.19,80.64,81.25,80.64,24.07K,0.76%
Jan 31 2014,81.40,81.17,81.44,81.08,23.50K,0.26%
Feb 03 2014,81.11,81.39,81.42,81.09,20.22K,-0.36%
Feb 04 2014,81.22,81.17,81.33,81.08,14.22K,0.14%
Feb 05 2014,81.13,81.22,81.34,80.82,24.51K,-0.11%
Feb 06 2014,81.00,81.16,81.35,80.81,28.10K,-0.16%
Feb 07 2014,80.76,80.97,81.09,80.63,20.86K,-0.30%
Feb 10 2014,80.73,80.82,80.84,80.67,10.59K,-0.04%
Feb 11 2014,80.70,80.61,80.75,80.51,24.07K,-0.04%
Feb 12 2014,80.74,80.70,80.92,80.57,18.61K,0.05%
Feb 13 2014,80.38,80.75,80.75,80.25,25.28K,-0.45%
Feb 14 2014,80.18,80.35,80.36,80.11,17.48K,-0.25%
Feb 17 2014,80.18,80.16,80.20,79.99,4.07K,0.00%
Feb 18 2014,80.05,80.20,80.27,80.00,17.20K,-0.16%
Feb 19 2014,80.19,80.01,80.28,79.95,17.97K,0.17%
Feb 20 2014,80.32,80.22,80.47,80.07,19.57K,0.16%
Feb 21 2014,80.27,80.36,80.44,80.20,13.85K,-0.06%
Feb 24 2014,80.22,80.28,80.40,80.12,11.98K,-0.06%
Feb 25 2014,80.17,80.25,80.30,80.05,16.55K,-0.06%
Feb 26 2014,80.46,80.16,80.56,80.12,22.71K,0.36%
Feb 27 2014,80.31,80.42,80.60,80.25,19.97K,-0.19%
Feb 28 2014,79.72,80.28,80.33,79.70,30.16K,-0.73%
Mar 03 2014,80.09,79.86,80.11,79.78,22.93K,0.46%
Mar 04 2014,80.18,80.10,80.22,79.92,15.66K,0.11%
Mar 05 2014,80.12,80.14,80.28,80.06,15.26K,-0.07%
Mar 06 2014,79.67,80.12,80.21,79.59,35.47K,-0.56%
Mar 07 2014,79.72,79.67,79.86,79.44,26.14K,0.06%
Mar 10 2014,79.77,79.69,79.83,79.64,19.69K,0.06%
Mar 11 2014,79.73,79.77,79.94,79.71,21.54K,-0.05%
Mar 12 2014,79.61,79.80,79.85,79.55,33.36K,-0.15%
Mar 13 2014,79.63,79.64,79.69,79.28,26.54K,0.03%
Mar 14 2014,79.44,79.61,79.69,79.33,14.41K,-0.24%
Mar 17 2014,79.31,79.42,79.56,79.33,1.43K,-0.16%
Mar 18 2014,79.54,79.52,79.67,79.42,16.75K,0.29%
Mar 19 2014,80.13,79.52,80.25,79.49,25.76K,0.74%
Mar 20 2014,80.35,80.18,80.50,80.06,28.09K,0.27%
Mar 21 2014,80.26,80.33,80.39,80.19,20.16K,-0.11%
Mar 24 2014,80.08,80.27,80.45,79.90,18.28K,-0.22%
Mar 25 2014,80.09,80.08,80.42,80.00,17.64K,0.01%
Mar 26 2014,80.17,80.12,80.29,80.06,11.94K,0.10%
Mar 27 2014,80.25,80.17,80.35,80.10,15.61K,0.10%
Mar 28 2014,80.33,80.30,80.40,80.20,12.67K,0.10%
Mar 31 2014,80.25,80.35,80.58,80.11,21.11K,-0.10%
Apr 01 2014,80.25,80.25,80.28,80.12,10.64K,0.00%
Apr 02 2014,80.37,80.25,80.44,80.15,15.83K,0.15%
Apr 03 2014,80.64,80.38,80.69,80.24,40.19K,0.34%
Apr 04 2014,80.57,80.60,80.77,80.48,24.50K,-0.09%
Apr 07 2014,80.36,80.57,80.59,80.31,10.47K,-0.26%
Apr 08 2014,79.83,80.34,80.35,79.80,25.96K,-0.66%
Apr 09 2014,79.55,79.88,79.95,79.53,20.31K,-0.35%
Apr 10 2014,79.45,79.61,79.64,79.39,22.54K,-0.13%
Apr 11 2014,79.52,79.48,79.63,79.43,12.80K,0.09%
Apr 14 2014,79.81,79.63,79.91,79.62,10.51K,0.36%
Apr 15 2014,79.89,79.85,79.98,79.76,11.18K,0.10%
Apr 16 2014,79.88,79.89,79.95,79.72,10.73K,-0.01%
Apr 17 2014,79.90,79.87,79.95,79.65,7.53K,0.03%
Apr 21 2014,80.03,79.94,80.06,79.86,7.59K,0.16%
Apr 22 2014,80.00,80.06,80.06,79.86,11.18K,-0.04%
Apr 23 2014,79.94,79.98,80.00,79.77,13.26K,-0.07%
Apr 24 2014,79.88,79.92,80.06,79.81,12.19K,-0.08%
Apr 25 2014,79.82,79.84,79.88,79.73,8.59K,-0.08%
Apr 28 2014,79.76,79.81,79.91,79.61,11.60K,-0.08%
Apr 29 2014,79.88,79.76,79.92,79.66,10.32K,0.15%
Apr 30 2014,79.53,79.86,80.02,79.51,21.87K,-0.44%
May 01 2014,79.58,79.57,79.61,79.48,7.32K,0.06%
May 02 2014,79.56,79.56,79.94,79.52,23.76K,-0.03%
May 05 2014,79.53,79.56,79.58,79.48,8.13K,-0.04%
May 06 2014,79.13,79.55,79.56,79.09,27.54K,-0.50%
May 07 2014,79.24,79.17,79.29,79.12,16.46K,0.14%
May 08 2014,79.40,79.27,79.50,78.93,44.18K,0.20%
May 09 2014,79.96,79.46,79.97,79.46,27.41K,0.71%
May 12 2014,79.97,79.92,79.97,79.84,12.50K,0.01%
May 13 2014,80.21,79.95,80.28,79.92,26.80K,0.30%
May 14 2014,80.14,80.17,80.19,80.05,15.35K,-0.09%
May 15 2014,80.06,80.11,80.41,79.98,23.00K,-0.10%
May 16 2014,80.11,80.06,80.18,80.03,12.15K,0.06%
May 19 2014,80.05,80.11,80.11,79.94,10.52K,-0.07%
May 20 2014,80.09,80.08,80.17,80.06,7.93K,0.05%
May 21 2014,80.15,80.08,80.37,79.94,17.89K,0.07%
May 22 2014,80.31,80.14,80.33,80.12,10.92K,0.20%
May 23 2014,80.45,80.30,80.49,80.28,10.91K,0.17%
May 26 2014,80.45,80.45,80.48,80.30,2.50K,0.00%
May 27 2014,80.41,80.33,80.52,80.22,12.49K,-0.05%
May 28 2014,80.62,80.40,80.63,80.38,13.97K,0.26%
May 29 2014,80.54,80.61,80.61,80.40,12.37K,-0.10%
May 30 2014,80.40,80.53,80.55,80.35,10.07K,-0.17%
Jun 02 2014,80.69,80.41,80.73,80.41,21.37K,0.36%
Jun 03 2014,80.59,80.69,80.72,80.47,13.46K,-0.12%
Jun 04 2014,80.71,80.60,80.72,80.51,13.36K,0.15%
Jun 05 2014,80.40,80.69,81.06,80.34,53.91K,-0.38%
Jun 06 2014,80.43,80.40,80.56,80.27,26.06K,0.04%
Jun 09 2014,80.68,80.44,80.70,80.33,17.92K,0.31%
Jun 10 2014,80.85,80.64,80.89,80.58,19.33K,0.21%
Jun 11 2014,80.81,80.83,80.92,80.69,25.40K,-0.05%
Jun 12 2014,80.59,80.78,80.84,80.54,19.60K,-0.27%
Jun 13 2014,80.66,80.59,80.72,80.45,13.68K,0.09%
Jun 16 2014,80.47,80.64,80.71,80.50,1.33K,-0.24%
Jun 17 2014,80.72,80.56,80.76,80.48,10.82K,0.31%
Jun 18 2014,80.67,80.70,80.97,80.47,20.25K,-0.06%
Jun 19 2014,80.40,80.47,80.52,80.24,25.78K,-0.33%
Jun 20 2014,80.44,80.37,80.58,80.28,13.79K,0.05%
Jun 23 2014,80.34,80.44,80.47,80.31,9.91K,-0.12%
Jun 24 2014,80.39,80.36,80.50,80.25,15.47K,0.06%
Jun 25 2014,80.27,80.39,80.41,80.14,27.80K,-0.15%
Jun 26 2014,80.28,80.25,80.44,80.19,19.95K,0.01%
Jun 27 2014,80.09,80.25,80.27,80.06,16.75K,-0.24%
Jun 30 2014,79.81,80.08,80.12,79.80,24.94K,-0.35%
Jul 01 2014,79.84,79.84,79.89,79.77,18.40K,0.04%
Jul 02 2014,79.98,79.86,80.03,79.83,15.15K,0.18%
Jul 03 2014,80.28,79.99,80.60,79.97,23.38K,0.38%
Jul 04 2014,80.28,80.27,80.36,80.24,2.86K,0.00%
Jul 07 2014,80.27,80.33,80.41,80.24,11.01K,-0.01%
Jul 08 2014,80.22,80.27,80.34,80.19,7.89K,-0.06%
Jul 09 2014,80.04,80.19,80.28,80.03,18.69K,-0.22%
Jul 10 2014,80.17,80.06,80.25,80.02,13.26K,0.16%
Jul 11 2014,80.23,80.19,80.28,80.07,11.98K,0.07%
Jul 14 2014,80.23,80.22,80.28,80.12,8.43K,0.00%
Jul 15 2014,80.45,80.21,80.47,80.17,26.23K,0.27%
Jul 16 2014,80.62,80.42,80.66,80.42,16.34K,0.21%
Jul 17 2014,80.57,80.59,80.67,80.54,13.44K,-0.06%
Jul 18 2014,80.59,80.61,80.75,80.55,20.98K,0.02%
Jul 21 2014,80.63,80.58,80.67,80.49,11.52K,0.05%
Jul 22 2014,80.86,80.64,80.92,80.61,31.96K,0.29%
Jul 23 2014,80.92,80.87,80.92,80.81,14.12K,0.07%
Jul 24 2014,80.96,80.89,80.98,80.81,17.43K,0.05%
Jul 25 2014,81.12,80.94,81.20,80.90,24.57K,0.20%
Jul 28 2014,81.12,81.15,81.16,81.06,11.56K,0.00%
Jul 29 2014,81.31,81.09,81.34,81.08,15.27K,0.23%
Jul 30 2014,81.52,81.29,81.64,81.28,29.80K,0.26%
Jul 31 2014,81.52,81.50,81.66,81.47,24.11K,0.00%
Aug 01 2014,81.38,81.53,81.61,81.27,33.88K,-0.17%
Aug 04 2014,81.41,81.39,81.46,81.36,11.58K,0.04%
Aug 05 2014,81.61,81.40,81.70,81.37,24.50K,0.25%
Aug 06 2014,81.51,81.61,81.78,81.47,27.74K,-0.12%
Aug 07 2014,81.61,81.50,81.72,81.45,27.73K,0.12%
Aug 08 2014,81.45,81.62,81.67,81.31,27.75K,-0.20%
Aug 11 2014,81.53,81.47,81.55,81.47,8.32K,0.10%
Aug 12 2014,81.56,81.53,81.75,81.53,15.29K,0.04%
Aug 13 2014,81.66,81.58,81.73,81.42,21.24K,0.12%
Aug 14 2014,81.65,81.67,81.76,81.45,18.88K,-0.01%
Aug 15 2014,81.47,81.65,81.67,81.42,22.83K,-0.22%
Aug 18 2014,81.63,81.50,81.66,81.43,11.65K,0.20%
Aug 19 2014,81.94,81.65,81.95,81.64,24.22K,0.38%
Aug 20 2014,82.28,81.94,82.33,81.93,22.18K,0.41%
Aug 21 2014,82.21,82.29,82.42,82.16,17.39K,-0.09%
Aug 22 2014,82.38,82.23,82.51,82.12,31.68K,0.21%
Aug 25 2014,82.59,82.62,82.69,82.49,11.96K,0.25%
Aug 26 2014,82.68,82.64,82.73,82.48,16.42K,0.11%
Aug 27 2014,82.45,82.69,82.75,82.42,19.54K,-0.28%
Aug 28 2014,82.52,82.49,82.62,82.34,19.80K,0.08%
Aug 29 2014,82.78,82.50,82.79,82.44,19.82K,0.32%
Sep 01 2014,82.78,82.78,82.83,82.69,6.02K,0.00%
Sep 02 2014,83.01,82.78,83.06,82.78,20.30K,0.28%
Sep 03 2014,82.89,83.00,83.08,82.86,17.19K,-0.14%
Sep 04 2014,83.83,82.89,83.89,82.86,42.98K,1.13%
Sep 05 2014,83.76,83.94,83.97,83.58,39.22K,-0.08%
Sep 08 2014,84.24,83.89,84.38,83.82,43.30K,0.57%
Sep 09 2014,84.28,84.35,84.53,84.05,43.28K,0.05%
Sep 10 2014,84.29,84.12,84.44,84.06,58.23K,0.01%
Sep 11 2014,84.30,84.25,84.36,84.08,33.30K,0.01%
Sep 12 2014,84.24,84.30,84.42,84.09,16.34K,-0.07%
Sep 15 2014,84.25,84.17,84.37,84.15,0.74K,0.01%
Sep 16 2014,84.23,84.38,84.50,84.00,35.28K,-0.02%
Sep 17 2014,84.49,84.23,84.86,84.08,66.61K,0.31%
Sep 18 2014,84.43,84.86,84.90,84.34,32.28K,-0.07%
Sep 19 2014,84.86,84.37,84.94,84.33,37.09K,0.51%
Sep 22 2014,84.86,84.93,84.97,84.64,18.20K,0.00%
Sep 23 2014,84.78,84.81,84.88,84.46,24.75K,-0.09%
Sep 24 2014,85.16,84.78,85.22,84.70,30.89K,0.45%
Sep 25 2014,85.30,85.20,85.61,85.17,39.06K,0.16%
Sep 26 2014,85.77,85.28,85.83,85.23,24.32K,0.55%
Sep 29 2014,85.72,85.81,85.93,85.59,21.88K,-0.06%
Sep 30 2014,86.05,85.74,86.33,85.62,35.42K,0.38%
Oct 01 2014,86.08,86.05,86.30,85.89,38.96K,0.03%
Oct 02 2014,85.69,85.97,86.02,85.55,53.06K,-0.45%
Oct 03 2014,86.82,85.72,86.87,85.72,55.58K,1.32%
Oct 06 2014,86.04,86.80,86.84,85.73,43.43K,-0.90%
Oct 07 2014,85.78,85.93,86.22,85.64,42.70K,-0.30%
Oct 08 2014,85.41,85.75,86.03,85.29,51.01K,-0.43%
Oct 09 2014,85.66,85.36,85.78,85.02,55.45K,0.29%
Oct 10 2014,86.03,85.66,86.11,85.52,28.19K,0.43%
Oct 13 2014,85.73,85.90,85.94,85.20,21.54K,-0.35%
Oct 14 2014,85.94,85.42,86.00,85.39,29.92K,0.24%
Oct 15 2014,85.24,86.03,86.13,84.53,116.40K,-0.81%
Oct 16 2014,85.04,85.00,85.53,84.83,59.86K,-0.23%
Oct 17 2014,85.21,85.03,85.36,84.86,26.57K,0.20%
Oct 20 2014,85.04,85.33,85.47,84.99,17.65K,-0.20%
Oct 21 2014,85.40,85.13,85.46,84.80,32.41K,0.42%
Oct 22 2014,85.85,85.47,85.89,85.33,34.25K,0.53%
Oct 23 2014,85.95,85.87,86.05,85.75,20.05K,0.12%
Oct 24 2014,85.82,85.92,86.02,85.61,25.21K,-0.15%
Oct 27 2014,85.56,85.80,85.80,85.47,22.24K,-0.30%
Oct 28 2014,85.47,85.61,85.75,85.29,28.26K,-0.11%
Oct 29 2014,86.04,85.44,86.13,85.25,35.65K,0.67%
Oct 30 2014,86.23,86.09,86.58,86.08,35.21K,0.22%
Oct 31 2014,87.02,86.25,87.25,86.23,64.77K,0.92%
Nov 03 2014,87.41,87.13,87.54,87.12,40.07K,0.45%
Nov 04 2014,87.09,87.36,87.39,86.97,32.51K,-0.37%
Nov 05 2014,87.57,87.11,87.72,87.05,35.20K,0.55%
Nov 06 2014,88.13,87.58,88.27,87.23,55.06K,0.64%
Nov 07 2014,87.73,88.17,88.31,87.55,65.23K,-0.45%
Nov 10 2014,87.91,87.63,87.93,87.21,35.40K,0.21%
Nov 11 2014,87.72,87.83,88.16,87.43,26.76K,-0.22%
Nov 12 2014,87.91,87.77,87.98,87.47,32.51K,0.22%
Nov 13 2014,87.75,87.90,87.96,87.70,24.05K,-0.18%
Nov 14 2014,87.59,87.95,88.36,87.45,54.44K,-0.18%
Nov 17 2014,88.01,87.65,88.06,87.23,28.65K,0.48%
Nov 18 2014,87.64,87.95,87.97,87.56,26.25K,-0.42%
Nov 19 2014,87.71,87.74,87.85,87.36,45.97K,0.08%
Nov 20 2014,87.67,87.78,88.01,87.54,38.42K,-0.05%
Nov 21 2014,88.41,87.72,88.48,87.50,55.32K,0.84%
Nov 24 2014,88.21,88.44,88.52,88.14,26.08K,-0.23%
Nov 25 2014,87.96,88.22,88.40,87.87,33.88K,-0.28%
Nov 26 2014,87.65,87.92,88.11,87.56,27.57K,-0.35%
Nov 27 2014,87.65,87.73,88.03,87.58,6.91K,0.00%
Nov 28 2014,88.41,88.14,88.45,88.00,26.82K,0.87%
Dec 01 2014,87.98,88.37,88.50,87.81,43.34K,-0.49%
Dec 02 2014,88.70,88.03,88.73,88.00,36.44K,0.82%
Dec 03 2014,88.99,88.67,89.06,88.63,34.68K,0.33%
Dec 04 2014,88.73,88.97,89.20,88.23,67.52K,-0.29%
Dec 05 2014,89.36,88.67,89.50,88.65,42.74K,0.71%
Dec 08 2014,89.05,89.44,89.56,88.91,45.09K,-0.35%
Dec 09 2014,88.69,89.21,89.28,88.16,64.12K,-0.40%
Dec 10 2014,88.29,88.69,88.82,88.19,57.05K,-0.45%
Dec 11 2014,88.68,87.97,88.80,87.94,45.95K,0.44%
Dec 12 2014,88.34,88.59,88.64,88.12,13.16K,-0.38%
Dec 15 2014,88.57,88.14,88.60,88.14,0.78K,0.26%
Dec 16 2014,88.30,88.68,88.73,87.83,56.87K,-0.30%
Dec 17 2014,89.33,88.19,89.36,88.08,60.78K,1.17%
Dec 18 2014,89.48,89.25,89.61,89.12,33.22K,0.17%
Dec 19 2014,89.84,89.51,89.88,89.38,28.39K,0.40%
Dec 22 2014,89.95,89.92,89.98,89.58,16.46K,0.12%
Dec 23 2014,90.33,89.94,90.41,89.84,26.08K,0.42%
Dec 24 2014,90.22,90.25,90.31,90.08,13.08K,-0.12%
Dec 26 2014,90.31,90.12,90.37,90.07,6.65K,0.10%
Dec 29 2014,90.50,90.31,90.61,90.08,22.57K,0.21%
Dec 30 2014,90.28,90.52,90.66,90.11,25.19K,-0.24%
Dec 31 2014,90.65,90.25,90.67,90.16,18.53K,0.41%
Jan 02 2015,91.38,90.81,91.49,90.80,44.83K,0.81%
Jan 05 2015,91.62,91.73,92.05,91.55,42.51K,0.26%
Jan 06 2015,91.74,91.57,91.93,91.42,44.99K,0.13%
Jan 07 2015,92.11,92.00,92.51,91.90,43.83K,0.40%
Jan 08 2015,92.60,92.23,92.76,92.22,28.01K,0.53%
Jan 09 2015,92.15,92.52,92.75,92.11,45.23K,-0.49%
Jan 12 2015,92.18,92.04,92.53,91.86,32.14K,0.03%
Jan 13 2015,92.50,92.15,92.63,92.02,34.17K,0.35%
Jan 14 2015,92.34,92.46,92.64,91.80,50.46K,-0.17%
Jan 15 2015,92.61,92.37,93.30,91.50,80.17K,0.29%
Jan 16 2015,92.89,92.56,93.56,92.38,60.08K,0.30%
Jan 19 2015,92.89,92.95,93.07,92.66,16.83K,0.00%
Jan 20 2015,93.35,93.05,93.39,92.84,32.22K,0.50%
Jan 21 2015,93.14,93.30,93.33,92.36,55.51K,-0.22%
Jan 22 2015,94.36,93.08,94.77,92.67,60.13K,1.31%
Jan 23 2015,95.05,94.42,95.78,94.35,57.85K,0.73%
Jan 26 2015,95.11,95.50,95.85,94.95,35.34K,0.06%
Jan 27 2015,94.25,95.33,95.33,93.95,57.00K,-0.90%
Jan 28 2015,94.73,94.36,94.90,94.19,33.19K,0.51%
Jan 29 2015,95.01,94.88,95.26,94.52,48.16K,0.30%
Jan 30 2015,95.00,94.89,95.14,94.67,30.68K,-0.01%
Feb 02 2015,94.73,94.91,95.10,94.61,23.09K,-0.28%
Feb 03 2015,93.72,94.71,94.92,93.39,58.63K,-1.07%
Feb 04 2015,94.17,93.95,94.70,93.77,21.31K,0.48%
Feb 05 2015,93.73,94.66,94.67,93.56,28.93K,-0.47%
Feb 06 2015,94.85,93.73,94.92,93.68,48.61K,1.19%
Feb 09 2015,94.58,94.90,95.03,94.47,27.72K,-0.28%
Feb 10 2015,94.85,94.63,94.98,94.45,32.17K,0.29%
Feb 11 2015,95.09,94.81,95.23,94.75,24.86K,0.25%
Feb 12 2015,94.20,95.02,95.10,94.08,41.12K,-0.94%
Feb 13 2015,94.28,94.32,94.42,93.97,20.76K,0.08%
Feb 16 2015,94.28,94.22,94.49,93.97,10.20K,0.00%
Feb 17 2015,94.15,94.52,94.54,93.83,25.85K,-0.14%
Feb 18 2015,94.26,94.19,94.62,94.05,24.46K,0.12%
Feb 19 2015,94.49,94.17,94.53,93.90,31.84K,0.24%
Feb 20 2015,94.34,94.47,94.89,94.11,48.78K,-0.16%
Feb 23 2015,94.66,94.42,95.03,94.38,27.31K,0.34%
Feb 24 2015,94.56,94.66,95.07,94.50,36.52K,-0.11%
Feb 25 2015,94.23,94.44,94.47,94.17,25.31K,-0.35%
Feb 26 2015,95.34,94.26,95.41,94.08,56.17K,1.18%
Feb 27 2015,95.32,95.23,95.44,94.86,33.73K,-0.02%
Mar 02 2015,95.48,95.38,95.56,95.10,20.48K,0.17%
Mar 03 2015,95.41,95.50,95.59,95.14,21.80K,-0.07%
Mar 04 2015,95.99,95.39,96.07,95.36,57.09K,0.61%
Mar 05 2015,96.39,95.98,96.61,95.86,37.53K,0.42%
Mar 06 2015,97.60,96.39,97.75,96.32,55.09K,1.26%
Mar 09 2015,97.58,97.77,97.84,97.31,45.30K,-0.02%
Mar 10 2015,98.61,97.77,98.66,97.77,71.85K,1.06%
Mar 11 2015,99.78,98.56,99.97,98.47,88.44K,1.19%
Mar 12 2015,99.41,99.66,100.06,98.64,72.34K,-0.37%
Mar 13 2015,100.31,99.18,100.38,99.18,28.71K,0.91%
Mar 16 2015,99.48,100.23,100.29,99.44,7.81K,-0.83%
Mar 17 2015,99.95,100.10,100.27,99.58,44.89K,0.47%
Mar 18 2015,98.78,99.99,100.12,94.77,101.77K,-1.17%
Mar 19 2015,99.58,97.85,99.77,97.36,96.93K,0.81%
Mar 20 2015,98.17,99.30,99.46,97.69,87.65K,-1.42%
Mar 23 2015,97.30,97.80,98.55,97.06,74.92K,-0.89%
Mar 24 2015,97.45,97.25,97.67,96.58,70.36K,0.15%
Mar 25 2015,97.20,97.53,97.56,96.67,43.56K,-0.26%
Mar 26 2015,97.68,97.14,97.80,96.31,58.87K,0.49%
Mar 27 2015,97.52,97.58,98.21,97.19,56.44K,-0.16%
Mar 30 2015,98.28,97.62,98.38,97.58,39.92K,0.78%
Mar 31 2015,98.66,98.25,99.00,98.14,45.40K,0.39%
Apr 01 2015,98.47,98.73,98.97,98.25,48.58K,-0.19%
Apr 02 2015,97.67,98.44,98.56,97.56,40.55K,-0.81%
Apr 03 2015,96.80,97.83,97.86,96.56,28.84K,-0.89%
Apr 06 2015,96.96,96.83,97.45,96.49,31.13K,0.17%
Apr 07 2015,98.06,97.25,98.25,97.11,39.78K,1.13%
Apr 08 2015,98.13,98.11,98.42,97.46,48.80K,0.07%
Apr 09 2015,99.39,98.26,99.42,98.23,52.51K,1.28%
Apr 10 2015,99.60,99.22,99.97,99.08,46.42K,0.21%
Apr 13 2015,99.77,99.66,100.27,99.45,57.81K,0.17%
Apr 14 2015,98.94,99.78,99.98,98.58,65.99K,-0.83%
Apr 15 2015,98.53,99.00,99.58,98.41,76.20K,-0.41%
Apr 16 2015,97.61,98.58,98.92,97.47,71.19K,-0.93%
Apr 17 2015,97.71,97.89,98.03,97.17,57.70K,0.10%
Apr 20 2015,98.16,97.60,98.31,97.52,35.00K,0.46%
Apr 21 2015,98.20,98.08,98.69,97.83,38.93K,0.04%
Apr 22 2015,98.14,98.18,98.35,97.61,34.95K,-0.06%
Apr 23 2015,97.45,98.23,98.64,97.33,47.03K,-0.70%
Apr 24 2015,97.10,97.53,97.74,96.90,53.91K,-0.36%
Apr 27 2015,96.94,97.12,97.46,96.62,40.08K,-0.16%
Apr 28 2015,96.19,96.95,97.10,96.11,52.16K,-0.77%
Apr 29 2015,95.32,96.25,96.30,94.75,101.56K,-0.90%
Apr 30 2015,94.71,95.31,95.54,94.47,83.92K,-0.64%
May 01 2015,95.44,94.94,95.55,94.60,53.21K,0.77%
May 04 2015,95.64,95.40,95.78,95.18,29.21K,0.21%
May 05 2015,95.20,95.59,96.09,95.00,48.16K,-0.46%
May 06 2015,94.17,95.30,95.34,93.96,77.82K,-1.08%
May 07 2015,94.75,94.25,94.94,93.97,43.63K,0.62%
May 08 2015,94.90,94.75,95.17,94.25,57.61K,0.16%
May 11 2015,95.10,94.88,95.34,94.86,27.36K,0.21%
May 12 2015,94.61,95.15,95.25,94.31,32.14K,-0.52%
May 13 2015,93.64,94.61,94.67,93.50,40.88K,-1.03%
May 14 2015,93.50,93.73,93.82,93.16,53.55K,-0.15%
May 15 2015,93.18,93.47,94.08,93.17,41.58K,-0.34%
May 18 2015,94.27,93.31,94.32,93.28,36.97K,1.17%
May 19 2015,95.36,94.13,95.56,94.13,62.67K,1.16%
May 20 2015,95.51,95.39,95.94,95.33,52.44K,0.16%
May 21 2015,95.33,95.64,95.75,95.05,39.46K,-0.19%
May 22 2015,96.11,95.46,96.36,94.88,65.47K,0.82%
May 25 2015,96.11,96.43,96.57,96.25,10.91K,0.00%
May 26 2015,97.41,96.54,97.47,96.53,62.43K,1.35%
May 27 2015,97.47,97.31,97.88,97.00,55.13K,0.06%
May 28 2015,97.06,97.38,97.76,97.01,64.03K,-0.42%
May 29 2015,96.99,97.02,97.27,96.83,49.48K,-0.07%
Jun 01 2015,97.47,96.99,97.76,96.97,50.33K,0.49%
Jun 02 2015,95.88,97.53,97.61,95.71,86.88K,-1.63%
Jun 03 2015,95.51,96.00,96.58,95.23,75.83K,-0.39%
Jun 04 2015,95.49,95.43,95.62,94.67,62.38K,-0.02%
Jun 05 2015,96.36,95.72,96.95,95.24,74.99K,0.91%
Jun 08 2015,95.32,96.44,96.59,95.08,57.54K,-1.08%
Jun 09 2015,95.17,95.27,95.61,94.86,52.05K,-0.16%
Jun 10 2015,94.65,95.10,95.25,94.30,82.06K,-0.55%
Jun 11 2015,94.98,94.74,95.63,94.64,37.63K,0.35%
Jun 12 2015,94.99,95.10,95.67,94.67,36.25K,0.01%
Jun 15 2015,95.13,95.16,95.36,95.00,1.76K,0.15%
Jun 16 2015,95.26,95.12,95.50,94.81,35.49K,0.14%
Jun 17 2015,94.49,95.27,95.59,94.31,58.26K,-0.81%
Jun 18 2015,94.24,94.35,94.44,93.30,52.56K,-0.26%
Jun 19 2015,94.27,94.20,94.69,94.09,28.08K,0.03%
Jun 22 2015,94.52,94.28,94.64,93.99,30.43K,0.27%
Jun 23 2015,95.64,94.50,95.89,94.48,47.35K,1.18%
Jun 24 2015,95.42,95.58,95.73,95.12,35.30K,-0.23%
Jun 25 2015,95.39,95.42,95.70,95.26,26.73K,-0.03%
Jun 26 2015,95.65,95.36,95.86,95.28,33.08K,0.27%
Jun 29 2015,94.95,96.41,96.69,94.85,72.74K,-0.73%
Jun 30 2015,95.66,95.19,95.89,95.02,40.81K,0.75%
Jul 01 2015,96.51,95.80,96.56,95.64,45.91K,0.89%
Jul 02 2015,96.29,96.58,96.67,96.03,40.95K,-0.23%
Jul 03 2015,96.29,96.25,96.42,96.04,9.53K,0.00%
Jul 06 2015,96.48,96.77,96.87,96.19,38.44K,0.20%
Jul 07 2015,97.08,96.50,97.45,96.49,50.12K,0.62%
Jul 08 2015,96.47,96.91,97.09,96.20,39.48K,-0.63%
Jul 09 2015,96.79,96.44,96.94,96.11,32.28K,0.33%
Jul 10 2015,96.17,96.55,96.60,95.56,46.50K,-0.64%
Jul 13 2015,97.00,96.06,97.03,95.73,46.05K,0.86%
Jul 14 2015,96.78,97.09,97.22,96.30,29.55K,-0.23%
Jul 15 2015,97.28,96.81,97.44,96.67,42.32K,0.52%
Jul 16 2015,97.81,97.35,97.92,97.31,39.39K,0.54%
Jul 17 2015,97.99,97.75,98.10,97.54,27.10K,0.18%
Jul 20 2015,98.16,98.09,98.31,97.86,26.10K,0.17%
Jul 21 2015,97.43,98.15,98.30,97.22,43.42K,-0.74%
Jul 22 2015,97.72,97.45,97.94,97.22,35.54K,0.30%
Jul 23 2015,97.23,97.60,97.64,96.95,41.75K,-0.50%
Jul 24 2015,97.35,97.30,97.75,97.22,27.60K,0.12%
Jul 27 2015,96.61,97.36,97.41,96.36,48.48K,-0.76%
Jul 28 2015,96.86,96.66,97.08,96.56,24.18K,0.26%
Jul 29 2015,97.08,96.70,97.35,96.56,31.98K,0.23%
Jul 30 2015,97.69,97.27,97.89,97.25,35.19K,0.63%
Jul 31 2015,97.44,97.56,97.72,96.38,60.53K,-0.26%
Aug 03 2015,97.62,97.31,97.69,97.25,30.07K,0.18%
Aug 04 2015,98.02,97.61,98.11,97.31,37.13K,0.41%
Aug 05 2015,98.03,98.08,98.33,97.66,47.15K,0.01%
Aug 06 2015,97.91,97.95,98.26,97.69,26.78K,-0.12%
Aug 07 2015,97.62,97.92,98.42,97.36,58.35K,-0.30%
Aug 10 2015,97.20,97.66,97.97,97.08,34.74K,-0.43%
Aug 11 2015,97.33,97.24,97.64,96.91,44.82K,0.13%
Aug 12 2015,96.30,97.23,97.38,95.94,68.81K,-1.06%
Aug 13 2015,96.46,96.37,96.84,96.14,36.25K,0.17%
Aug 14 2015,96.53,96.36,96.69,96.11,41.61K,0.07%
Aug 17 2015,96.81,96.57,96.96,96.53,31.63K,0.29%
Aug 18 2015,97.07,96.84,97.10,96.69,25.30K,0.27%
Aug 19 2015,96.37,97.03,97.11,96.34,44.76K,-0.72%
Aug 20 2015,96.00,96.47,96.59,95.72,47.78K,-0.38%
Aug 21 2015,95.00,95.78,95.81,94.81,61.65K,-1.04%
Aug 24 2015,93.36,94.88,94.96,92.52,142.82K,-1.73%
Aug 25 2015,94.54,93.52,94.72,93.50,82.43K,1.26%
Aug 26 2015,95.13,93.78,95.47,93.73,81.42K,0.62%
Aug 27 2015,95.65,95.21,96.06,95.02,55.51K,0.55%
Aug 28 2015,96.14,95.81,96.36,95.40,45.74K,0.51%
Aug 31 2015,95.85,96.19,96.26,95.64,36.27K,-0.30%
Sep 01 2015,95.45,95.89,95.89,95.21,53.68K,-0.42%
Sep 02 2015,95.84,95.45,95.97,95.45,46.44K,0.41%
Sep 03 2015,96.42,96.01,96.64,95.81,56.01K,0.61%
Sep 04 2015,96.24,96.40,96.59,95.66,44.76K,-0.19%
Sep 07 2015,96.24,96.19,96.44,96.05,13.42K,0.00%
Sep 08 2015,95.99,96.22,96.25,95.73,40.38K,-0.26%
Sep 09 2015,96.01,95.86,96.42,95.86,57.44K,0.02%
Sep 10 2015,95.44,95.89,96.21,95.39,39.62K,-0.59%
Sep 11 2015,95.19,95.53,95.67,95.11,22.97K,-0.26%
Sep 14 2015,95.36,95.17,95.36,94.94,0.51K,0.18%
Sep 15 2015,95.78,95.46,95.85,95.28,22.34K,0.44%
Sep 16 2015,95.55,95.77,96.01,95.30,26.77K,-0.24%
Sep 17 2015,94.68,95.45,95.53,94.48,48.96K,-0.91%
Sep 18 2015,95.00,94.75,95.53,94.19,35.46K,0.34%
Sep 21 2015,96.03,95.44,96.14,95.18,36.50K,1.08%
Sep 22 2015,96.45,96.07,96.58,95.91,30.28K,0.44%
Sep 23 2015,96.21,96.53,96.72,96.19,40.60K,-0.25%
Sep 24 2015,96.15,96.36,96.47,95.58,49.55K,-0.06%
Sep 25 2015,96.43,96.39,96.88,96.27,43.89K,0.29%
Sep 28 2015,96.18,96.36,96.67,96.03,28.67K,-0.26%
Sep 29 2015,95.99,96.19,96.39,95.83,28.19K,-0.20%
Sep 30 2015,96.48,96.06,96.56,95.98,24.12K,0.51%
Oct 01 2015,96.33,96.40,96.64,96.09,20.39K,-0.16%
Oct 02 2015,95.97,96.25,96.51,95.30,50.49K,-0.37%
Oct 05 2015,96.24,96.02,96.30,95.55,23.98K,0.28%
Oct 06 2015,95.56,96.17,96.28,95.49,19.19K,-0.71%
Oct 07 2015,95.58,95.58,95.80,95.42,21.73K,0.02%
Oct 08 2015,95.41,95.67,95.72,95.05,28.54K,-0.18%
Oct 09 2015,94.88,95.35,95.42,94.75,31.77K,-0.56%
Oct 12 2015,94.77,94.94,94.94,94.67,15.58K,-0.12%
Oct 13 2015,94.79,94.96,95.03,94.58,21.23K,0.02%
Oct 14 2015,93.96,94.79,94.80,93.86,36.03K,-0.88%
Oct 15 2015,94.43,93.98,94.62,93.83,33.34K,0.50%
Oct 16 2015,94.59,94.59,94.81,94.42,20.54K,0.17%
Oct 19 2015,94.95,94.72,95.05,94.59,19.11K,0.38%
Oct 20 2015,94.94,94.97,94.98,94.63,16.71K,-0.01%
Oct 21 2015,95.07,94.86,95.09,94.75,16.14K,0.14%
Oct 22 2015,96.45,95.05,96.50,94.98,52.44K,1.45%
Oct 23 2015,97.24,96.59,97.30,96.22,46.04K,0.82%
Oct 26 2015,96.95,97.23,97.25,96.78,24.11K,-0.30%
Oct 27 2015,96.99,96.89,97.06,96.62,27.19K,0.04%
Oct 28 2015,97.86,97.05,97.89,96.51,47.24K,0.90%
Oct 29 2015,97.36,97.70,97.80,97.31,34.76K,-0.51%
Oct 30 2015,97.02,97.30,97.44,96.65,41.18K,-0.35%
Nov 02 2015,97.00,96.81,97.04,96.71,16.59K,-0.02%
Nov 03 2015,97.24,97.00,97.57,96.84,19.06K,0.25%
Nov 04 2015,98.03,97.33,98.15,97.30,29.91K,0.81%
Nov 05 2015,98.05,98.02,98.24,97.86,27.04K,0.02%
Nov 06 2015,99.26,98.06,99.47,98.00,49.53K,1.23%
Nov 09 2015,99.08,99.38,99.43,98.91,26.61K,-0.18%
Nov 10 2015,99.39,99.10,99.60,99.05,23.42K,0.31%
Nov 11 2015,99.16,99.20,99.33,98.88,27.96K,-0.23%
Nov 12 2015,98.71,98.89,99.39,98.50,44.54K,-0.45%
Nov 13 2015,99.10,98.64,99.30,98.62,35.04K,0.40%
Nov 16 2015,99.54,99.06,99.55,98.97,31.58K,0.44%
Nov 17 2015,99.70,99.47,99.83,99.45,27.70K,0.16%
Nov 18 2015,99.75,99.75,99.97,99.40,32.85K,0.05%
Nov 19 2015,99.06,99.47,99.52,98.80,39.26K,-0.69%
Nov 20 2015,99.62,99.18,99.70,99.08,30.33K,0.57%
Nov 23 2015,99.86,99.68,100.06,99.58,28.30K,0.24%
Nov 24 2015,99.59,99.78,99.84,99.52,23.23K,-0.27%
Nov 25 2015,99.83,99.61,100.23,99.36,6.29K,0.24%
Nov 26 2015,99.83,99.78,99.96,99.77,6.29K,0.00%
Nov 27 2015,100.07,99.93,100.25,99.70,14.13K,0.24%
Nov 30 2015,100.21,100.11,100.36,100.02,22.10K,0.14%
Dec 01 2015,99.84,100.25,100.25,99.75,26.91K,-0.37%
Dec 02 2015,100.02,99.87,100.55,99.83,37.70K,0.18%
Dec 03 2015,97.63,100.09,100.60,97.59,125.22K,-2.39%
Dec 04 2015,98.34,98.02,98.61,97.75,55.18K,0.73%
Dec 07 2015,98.67,98.33,98.91,98.27,29.00K,0.34%
Dec 08 2015,98.47,98.75,98.77,98.36,23.94K,-0.20%
Dec 09 2015,97.33,98.48,98.51,97.21,49.35K,-1.16%
Dec 10 2015,97.96,97.36,97.98,97.36,39.19K,0.65%
Dec 11 2015,97.55,97.98,98.19,97.33,14.99K,-0.42%
Dec 14 2015,97.47,97.72,97.87,97.56,0.90K,-0.08%
Dec 15 2015,98.29,97.66,98.35,97.22,24.92K,0.84%
Dec 16 2015,97.88,98.18,98.64,97.62,47.39K,-0.42%
Dec 17 2015,99.32,98.66,99.34,98.64,30.97K,1.47%
Dec 18 2015,98.73,99.05,99.29,98.67,29.69K,-0.59%
Dec 21 2015,98.37,98.78,98.86,98.30,20.93K,-0.36%
Dec 22 2015,98.24,98.50,98.52,98.00,17.75K,-0.13%
Dec 23 2015,98.37,98.22,98.67,98.21,16.79K,0.13%
Dec 24 2015,98.02,98.39,98.39,97.94,9.15K,-0.36%
Dec 28 2015,97.95,97.97,98.06,97.83,10.77K,-0.07%
Dec 29 2015,98.17,97.92,98.47,97.84,17.18K,0.22%
Dec 30 2015,98.35,98.31,98.50,98.19,9.83K,0.18%
Dec 31 2015,98.75,98.26,98.84,98.25,18.78K,0.41%
Jan 04 2016,98.97,98.76,99.30,98.11,39.01K,0.22%
Jan 05 2016,99.50,98.91,99.73,98.86,38.36K,0.54%
Jan 06 2016,99.27,99.52,99.75,99.19,29.73K,-0.23%
Jan 07 2016,98.27,99.33,99.39,98.24,39.14K,-1.01%
Jan 08 2016,98.60,98.42,99.30,98.38,40.22K,0.34%
Jan 11 2016,98.78,98.33,98.97,98.14,32.09K,0.18%
Jan 12 2016,99.02,98.94,99.34,98.64,27.24K,0.24%
Jan 13 2016,98.98,99.11,99.39,98.91,27.27K,-0.04%
Jan 14 2016,99.16,98.92,99.33,98.65,38.49K,0.18%
Jan 15 2016,99.02,99.12,99.19,98.42,46.07K,-0.14%
Jan 18 2016,99.02,99.02,99.28,98.92,9.91K,0.00%
Jan 19 2016,99.04,99.25,99.39,98.92,24.18K,0.02%
Jan 20 2016,99.17,99.08,99.26,98.68,33.76K,0.13%
Jan 21 2016,99.13,99.27,99.95,98.98,68.45K,-0.04%
Jan 22 2016,99.65,99.28,99.67,99.19,26.44K,0.52%
Jan 25 2016,99.41,99.64,99.66,99.28,16.69K,-0.24%
Jan 26 2016,99.13,99.39,99.50,99.06,19.42K,-0.28%
Jan 27 2016,98.95,99.13,99.23,98.75,30.07K,-0.18%
Jan 28 2016,98.54,99.00,99.15,98.45,34.54K,-0.41%
Jan 29 2016,99.65,98.68,99.88,98.60,53.80K,1.13%
Feb 01 2016,99.03,99.70,99.75,98.95,27.83K,-0.62%
Feb 02 2016,98.89,99.03,99.11,98.79,19.63K,-0.14%
Feb 03 2016,97.30,98.84,98.95,96.89,60.54K,-1.61%
Feb 04 2016,96.49,97.19,97.48,96.27,48.43K,-0.83%
Feb 05 2016,97.05,96.55,97.31,96.04,42.34K,0.58%
Feb 08 2016,96.58,97.05,97.50,96.56,31.57K,-0.48%
Feb 09 2016,96.09,96.69,96.85,95.67,41.04K,-0.51%
Feb 10 2016,95.94,96.03,96.77,95.78,35.60K,-0.16%
Feb 11 2016,95.62,95.69,95.90,95.28,49.09K,-0.33%
Feb 12 2016,95.98,95.69,96.25,95.55,27.58K,0.38%
Feb 15 2016,95.98,96.12,96.91,96.07,13.39K,0.00%
Feb 16 2016,96.88,96.64,97.00,96.40,17.32K,0.94%
Feb 17 2016,96.80,96.98,97.11,96.64,14.19K,-0.08%
Feb 18 2016,96.96,96.83,97.10,96.70,13.50K,0.17%
Feb 19 2016,96.60,96.75,97.26,96.58,17.97K,-0.37%
Feb 22 2016,97.39,96.75,97.61,96.72,15.60K,0.82%
Feb 23 2016,97.48,97.35,97.58,97.15,14.12K,0.09%
Feb 24 2016,97.46,97.48,97.92,97.24,27.97K,-0.02%
Feb 25 2016,97.28,97.54,97.73,97.22,15.81K,-0.18%
Feb 26 2016,98.17,97.34,98.28,97.11,26.71K,0.91%
Feb 29 2016,98.22,98.18,98.39,97.83,19.93K,0.05%
Mar 01 2016,98.36,98.20,98.58,98.11,19.34K,0.14%
Mar 02 2016,98.22,98.33,98.59,98.15,14.51K,-0.14%
Mar 03 2016,97.60,98.23,98.36,97.46,22.22K,-0.63%
Mar 04 2016,97.34,97.64,98.05,97.03,33.76K,-0.27%
Mar 07 2016,97.08,97.33,97.70,97.05,14.49K,-0.27%
Mar 08 2016,97.21,97.07,97.28,96.89,16.22K,0.13%
Mar 09 2016,97.16,97.26,97.58,96.94,27.94K,-0.05%
Mar 10 2016,96.06,97.30,98.43,95.94,52.91K,-1.13%
Mar 11 2016,96.17,96.17,96.70,95.94,16.88K,0.11%
Mar 14 2016,96.52,96.30,96.50,96.17,1.29K,0.36%
Mar 15 2016,96.67,96.65,96.91,96.49,12.48K,0.16%
Mar 16 2016,95.92,96.66,97.09,95.56,30.94K,-0.78%
Mar 17 2016,94.80,95.78,95.86,94.67,30.54K,-1.17%
Mar 18 2016,95.12,94.80,95.19,94.61,20.39K,0.34%
Mar 21 2016,95.30,95.10,95.41,95.02,12.49K,0.19%
Mar 22 2016,95.64,95.44,95.75,95.28,20.35K,0.36%
Mar 23 2016,96.06,95.64,96.24,95.63,14.47K,0.44%
Mar 24 2016,96.17,96.09,96.39,96.06,13.12K,0.11%
Mar 28 2016,95.94,96.27,96.42,95.84,10.60K,-0.24%
Mar 29 2016,95.15,95.94,96.23,95.08,30.02K,-0.82%
Mar 30 2016,94.82,95.19,95.22,94.56,26.87K,-0.35%
Mar 31 2016,94.58,94.85,95.02,94.30,20.68K,-0.25%
Apr 01 2016,94.62,94.62,95.10,94.33,28.25K,0.04%
Apr 04 2016,94.52,94.56,94.83,94.42,11.47K,-0.11%
Apr 05 2016,94.64,94.61,94.99,94.45,21.14K,0.13%
Apr 06 2016,94.44,94.64,95.08,94.24,32.36K,-0.21%
Apr 07 2016,94.50,94.45,94.67,94.03,26.25K,0.06%
Apr 08 2016,94.25,94.58,94.70,94.09,19.26K,-0.26%
Apr 11 2016,93.94,94.15,94.35,93.75,20.71K,-0.33%
Apr 12 2016,93.94,93.98,94.39,93.62,23.99K,0.00%
Apr 13 2016,94.76,94.05,94.83,94.00,26.03K,0.87%
Apr 14 2016,94.91,94.83,95.21,94.69,23.23K,0.16%
Apr 15 2016,94.69,94.91,95.04,94.48,16.30K,-0.23%
Apr 18 2016,94.46,94.69,94.81,94.36,14.29K,-0.24%
Apr 19 2016,93.95,94.50,94.53,93.89,17.53K,-0.54%
Apr 20 2016,94.47,94.09,94.56,93.90,15.59K,0.55%
Apr 21 2016,94.57,94.51,94.69,93.84,44.40K,0.11%
Apr 22 2016,95.08,94.61,95.18,94.44,21.34K,0.54%
Apr 25 2016,94.80,95.05,95.10,94.65,15.04K,-0.29%
Apr 26 2016,94.54,94.73,94.78,94.16,21.39K,-0.27%
Apr 27 2016,94.37,94.50,94.82,94.09,26.14K,-0.18%
Apr 28 2016,93.73,94.35,94.57,93.67,29.79K,-0.68%
Apr 29 2016,93.05,93.72,93.72,92.97,32.88K,-0.73%
May 02 2016,92.62,93.00,93.06,92.50,22.40K,-0.46%
May 03 2016,92.93,92.62,93.03,91.88,31.40K,0.33%
May 04 2016,93.19,92.95,93.36,92.83,30.46K,0.28%
May 05 2016,93.78,93.24,93.86,93.17,18.22K,0.63%
May 06 2016,93.88,93.75,93.95,93.08,21.44K,0.11%
May 09 2016,94.11,93.87,94.19,93.80,14.01K,0.24%
May 10 2016,94.27,94.13,94.33,94.02,13.36K,0.17%
May 11 2016,93.79,94.22,94.22,93.65,18.92K,-0.51%
May 12 2016,94.13,93.82,94.16,93.78,18.76K,0.36%
May 13 2016,94.59,94.15,94.84,94.10,23.16K,0.49%
May 16 2016,94.55,94.61,94.67,94.38,13.13K,-0.04%
May 17 2016,94.53,94.55,94.74,94.31,11.83K,-0.02%
May 18 2016,95.06,94.53,95.23,94.51,24.26K,0.56%
May 19 2016,95.29,95.19,95.51,95.12,22.69K,0.24%
May 20 2016,95.34,95.30,95.47,95.18,10.92K,0.05%
May 23 2016,95.22,95.31,95.47,95.11,11.76K,-0.13%
May 24 2016,95.58,95.28,95.67,95.20,13.64K,0.38%
May 25 2016,95.34,95.65,95.67,95.32,11.33K,-0.25%
May 26 2016,95.16,95.40,95.41,94.92,18.58K,-0.19%
May 27 2016,95.50,95.15,95.77,95.08,18.43K,0.36%
May 30 2016,95.50,95.76,95.96,95.67,8.30K,0.00%
May 31 2016,95.88,95.60,95.89,95.45,17.72K,0.40%
Jun 01 2016,95.46,95.80,95.91,95.34,19.51K,-0.44%
Jun 02 2016,95.57,95.40,95.58,95.15,17.54K,0.12%
Jun 03 2016,94.03,95.56,95.64,93.86,34.59K,-1.61%
Jun 06 2016,93.89,93.94,94.27,93.74,30.34K,-0.15%
Jun 07 2016,93.83,93.98,94.08,93.75,20.41K,-0.06%
Jun 08 2016,93.58,93.87,93.87,93.41,35.80K,-0.27%
Jun 09 2016,93.95,93.53,94.11,93.44,22.65K,0.40%
Jun 10 2016,94.56,94.14,94.72,94.06,21.51K,0.65%
Jun 13 2016,94.40,94.68,94.75,94.45,2.30K,-0.17%
Jun 14 2016,95.04,94.48,95.14,94.39,22.52K,0.68%
Jun 15 2016,94.68,95.02,95.15,94.42,23.62K,-0.38%
Jun 16 2016,94.71,94.66,95.53,94.26,40.52K,0.03%
Jun 17 2016,94.34,94.49,94.74,94.17,23.07K,-0.39%
Jun 20 2016,93.68,94.06,94.06,93.55,20.69K,-0.70%
Jun 21 2016,94.06,93.62,94.19,93.47,19.21K,0.41%
Jun 22 2016,93.76,94.12,94.18,93.50,15.47K,-0.32%
Jun 23 2016,93.53,93.62,93.67,93.03,29.25K,-0.25%
Jun 24 2016,95.57,93.75,96.70,93.73,66.05K,2.18%
Jun 27 2016,96.70,96.11,96.86,95.94,28.57K,1.18%
Jun 28 2016,96.33,96.56,96.57,95.92,20.69K,-0.38%
Jun 29 2016,95.81,96.14,96.27,95.62,20.24K,-0.54%
Jun 30 2016,96.20,95.70,96.48,95.52,40.03K,0.41%
Jul 01 2016,95.71,95.95,96.17,95.48,21.14K,-0.51%
Jul 04 2016,95.71,95.75,95.96,95.56,5.39K,0.00%
Jul 05 2016,96.26,95.62,96.34,95.38,21.41K,0.57%
Jul 06 2016,96.13,96.33,96.63,96.05,31.23K,-0.14%
Jul 07 2016,96.38,96.12,96.39,95.99,16.06K,0.26%
Jul 08 2016,96.33,96.32,96.72,95.78,29.46K,-0.05%
Jul 11 2016,96.59,96.35,96.81,96.28,11.61K,0.27%
Jul 12 2016,96.49,96.55,96.66,96.08,18.97K,-0.10%
Jul 13 2016,96.21,96.56,96.60,96.09,12.26K,-0.29%
Jul 14 2016,96.10,96.31,96.42,95.84,13.96K,-0.11%
Jul 15 2016,96.56,96.15,96.75,95.92,22.81K,0.48%
Jul 18 2016,96.59,96.61,96.71,96.45,11.29K,0.03%
Jul 19 2016,97.11,96.59,97.19,96.53,24.23K,0.54%
Jul 20 2016,97.26,97.10,97.37,97.01,22.25K,0.15%
Jul 21 2016,97.05,97.15,97.28,96.77,24.81K,-0.22%
Jul 22 2016,97.52,96.89,97.58,96.86,19.03K,0.48%
Jul 25 2016,97.33,97.45,97.62,97.25,11.32K,-0.19%
Jul 26 2016,97.17,97.31,97.34,96.89,10.59K,-0.16%
Jul 27 2016,97.04,97.17,97.54,96.71,18.21K,-0.13%
Jul 28 2016,96.72,96.64,96.76,96.25,22.98K,-0.33%
Jul 29 2016,95.49,96.59,96.70,95.33,35.78K,-1.27%
Aug 01 2016,95.68,95.49,95.77,95.46,11.37K,0.20%
Aug 02 2016,94.99,95.70,95.81,94.94,21.50K,-0.72%
Aug 03 2016,95.53,95.08,95.55,95.08,12.68K,0.57%
Aug 04 2016,95.72,95.49,95.88,95.39,13.79K,0.20%
Aug 05 2016,96.14,95.70,96.50,95.48,24.12K,0.44%
Aug 08 2016,96.34,96.19,96.42,96.09,6.38K,0.21%
Aug 09 2016,96.13,96.31,96.47,96.02,12.05K,-0.22%
Aug 10 2016,95.61,96.08,96.08,95.38,16.39K,-0.54%
Aug 11 2016,95.84,95.53,95.91,95.46,9.07K,0.24%
Aug 12 2016,95.68,95.90,95.96,95.19,19.04K,-0.17%
Aug 15 2016,95.59,95.67,95.77,95.42,7.25K,-0.09%
Aug 16 2016,94.76,95.61,95.61,94.38,29.14K,-0.87%
Aug 17 2016,94.69,94.76,95.08,94.49,22.95K,-0.07%
Aug 18 2016,94.14,94.60,94.63,94.05,22.34K,-0.58%
Aug 19 2016,94.48,94.18,94.60,94.18,24.05K,0.36%
Aug 22 2016,94.50,94.57,94.94,94.42,13.92K,0.02%
Aug 23 2016,94.49,94.55,94.56,94.19,15.64K,-0.01%
Aug 24 2016,94.75,94.55,94.87,94.47,13.90K,0.28%
Aug 25 2016,94.74,94.76,94.80,94.56,7.78K,-0.01%
Aug 26 2016,95.54,94.67,95.58,94.20,41.26K,0.84%
Aug 29 2016,95.54,95.55,95.81,95.44,17.79K,0.00%
Aug 30 2016,96.04,95.52,96.12,95.50,20.77K,0.52%
Aug 31 2016,96.01,95.99,96.25,95.89,23.73K,-0.03%
Sep 01 2016,95.66,96.02,96.25,95.59,19.22K,-0.36%
Sep 02 2016,95.84,95.65,95.97,95.17,34.95K,0.19%
Sep 05 2016,95.84,95.88,95.89,95.55,5.05K,0.00%
Sep 06 2016,94.82,95.78,95.86,94.75,26.76K,-1.06%
Sep 07 2016,94.95,94.82,95.05,94.67,16.52K,0.14%
Sep 08 2016,95.05,94.99,95.14,94.44,33.16K,0.11%
Sep 09 2016,95.33,94.97,95.58,94.82,30.82K,0.29%
Sep 12 2016,95.09,95.31,95.45,94.92,31.11K,-0.25%
Sep 13 2016,95.64,95.09,95.67,95.08,25.80K,0.58%
Sep 14 2016,95.32,95.55,95.66,95.19,29.84K,-0.33%
Sep 15 2016,95.28,95.34,95.56,95.06,15.65K,-0.04%
Sep 16 2016,96.11,95.26,96.12,95.23,14.90K,0.87%
Sep 19 2016,95.77,96.03,96.05,95.79,0.67K,-0.35%
Sep 20 2016,95.98,95.78,95.98,95.53,16.02K,0.22%
Sep 21 2016,95.67,95.94,96.31,95.32,29.37K,-0.32%
Sep 22 2016,95.38,95.45,95.49,94.95,24.31K,-0.30%
Sep 23 2016,95.39,95.31,95.61,95.28,16.22K,0.01%
Sep 26 2016,95.21,95.39,95.44,95.02,10.78K,-0.19%
Sep 27 2016,95.31,95.25,95.58,95.14,13.88K,0.11%
Sep 28 2016,95.34,95.39,95.66,95.28,14.83K,0.03%
Sep 29 2016,95.47,95.31,95.62,95.25,16.75K,0.14%
Sep 30 2016,95.39,95.47,95.89,95.25,32.73K,-0.08%
Oct 03 2016,95.59,95.44,95.73,95.39,15.63K,0.21%
Oct 04 2016,96.12,95.67,96.39,95.66,42.19K,0.55%
Oct 05 2016,96.11,96.08,96.31,95.94,23.77K,-0.01%
Oct 06 2016,96.77,96.14,96.78,96.11,26.14K,0.69%
Oct 07 2016,96.65,96.85,97.22,96.41,49.51K,-0.12%
Oct 10 2016,96.93,96.52,96.97,96.48,16.36K,0.29%
Oct 11 2016,97.69,96.93,97.75,96.93,29.65K,0.78%
Oct 12 2016,97.96,97.52,98.05,97.47,31.66K,0.28%
Oct 13 2016,97.52,98.00,98.12,97.51,28.20K,-0.45%
Oct 14 2016,98.00,97.63,98.10,97.52,26.26K,0.49%
Oct 17 2016,97.88,98.12,98.15,97.80,15.36K,-0.12%
Oct 18 2016,97.90,97.78,97.97,97.60,16.77K,0.02%
Oct 19 2016,97.94,97.91,97.97,97.66,17.94K,0.04%
Oct 20 2016,98.31,97.89,98.40,97.66,32.38K,0.38%
Oct 21 2016,98.69,98.30,98.80,98.30,20.05K,0.39%
Oct 24 2016,98.75,98.68,98.83,98.54,15.33K,0.06%
Oct 25 2016,98.68,98.75,99.09,98.58,23.46K,-0.07%
Oct 26 2016,98.61,98.71,98.81,98.31,22.72K,-0.07%
Oct 27 2016,98.88,98.60,99.00,98.48,20.81K,0.27%
Oct 28 2016,98.34,98.91,98.92,98.22,23.97K,-0.55%
Oct 31 2016,98.42,98.28,98.67,98.28,13.52K,0.08%
Nov 01 2016,97.70,98.39,98.46,97.62,25.45K,-0.73%
Nov 02 2016,97.41,97.77,97.80,97.17,27.79K,-0.30%
Nov 03 2016,97.20,97.44,97.48,97.07,24.23K,-0.22%
Nov 04 2016,97.09,97.22,97.38,96.94,18.87K,-0.11%
Nov 07 2016,97.79,97.34,97.89,97.25,19.69K,0.72%
Nov 08 2016,97.86,97.79,97.99,97.56,18.01K,0.07%
Nov 09 2016,98.53,98.08,98.69,95.91,88.38K,0.68%
Nov 10 2016,98.77,98.53,99.08,98.32,39.89K,0.24%
Nov 11 2016,99.05,98.83,99.13,98.55,33.35K,0.28%
Nov 14 2016,100.12,99.14,100.24,99.10,54.25K,1.08%
Nov 15 2016,100.25,99.81,100.28,99.47,43.94K,0.13%
Nov 16 2016,100.44,100.07,100.60,99.92,43.02K,0.19%
Nov 17 2016,100.95,100.28,101.01,99.98,55.29K,0.51%
Nov 18 2016,101.28,101.07,101.54,100.89,57.29K,0.33%
Nov 21 2016,101.11,101.40,101.51,100.81,41.84K,-0.17%
Nov 22 2016,101.11,100.83,101.37,100.71,33.99K,0.00%
Nov 23 2016,101.76,101.11,101.96,100.96,43.01K,0.64%
Nov 24 2016,101.76,101.81,102.12,101.53,16.92K,0.00%
Nov 25 2016,101.55,101.84,101.97,101.25,31.66K,-0.21%
Nov 28 2016,101.37,101.43,101.63,100.67,46.06K,-0.18%
Nov 29 2016,100.95,101.27,101.69,100.94,38.83K,-0.41%
Nov 30 2016,101.54,100.98,101.88,100.92,45.37K,0.58%
Dec 01 2016,101.10,101.56,101.61,100.95,35.28K,-0.43%
Dec 02 2016,100.86,100.95,101.17,100.70,41.18K,-0.24%
Dec 05 2016,100.11,101.56,101.80,99.87,80.45K,-0.74%
Dec 06 2016,100.53,100.18,100.61,100.01,32.30K,0.42%
Dec 07 2016,100.27,100.57,100.63,100.18,26.70K,-0.26%
Dec 08 2016,101.12,100.24,101.28,99.49,75.79K,0.85%
Dec 09 2016,101.62,101.15,101.77,101.04,30.12K,0.49%
Dec 12 2016,101.05,101.64,101.82,100.86,38.20K,-0.56%
Dec 13 2016,101.11,100.97,101.19,100.78,36.79K,0.06%
Dec 14 2016,101.77,101.05,102.34,100.75,66.53K,0.65%
Dec 15 2016,103.05,102.48,103.56,102.16,57.74K,1.26%
Dec 16 2016,102.95,103.13,103.27,102.62,13.42K,-0.10%
Dec 19 2016,102.90,102.81,103.11,102.55,1.22K,-0.05%
Dec 20 2016,103.29,103.09,103.62,102.97,29.63K,0.38%
Dec 21 2016,103.03,103.28,103.38,102.75,21.10K,-0.25%
Dec 22 2016,103.10,102.97,103.15,102.59,22.64K,0.07%
Dec 23 2016,103.00,103.09,103.20,102.86,11.98K,-0.10%
Dec 27 2016,103.01,103.06,103.14,102.97,8.16K,0.01%
Dec 28 2016,103.24,102.98,103.58,102.86,19.85K,0.22%
Dec 29 2016,102.71,103.19,103.21,102.65,31.94K,-0.51%
Dec 30 2016,102.29,102.24,102.63,101.95,38.08K,-0.41%
Jan 03 2017,103.20,102.81,103.81,102.62,51.70K,0.89%
Jan 04 2017,102.71,103.35,103.42,102.39,36.18K,-0.47%
Jan 05 2017,101.53,102.06,102.50,101.30,60.27K,-1.15%
Jan 06 2017,102.21,101.54,102.30,101.39,38.07K,0.67%
Jan 09 2017,101.91,102.25,102.49,101.84,31.02K,-0.29%
Jan 10 2017,102.00,101.85,102.09,101.48,33.33K,0.09%
Jan 11 2017,101.75,102.02,102.96,101.24,74.59K,-0.25%
Jan 12 2017,101.38,101.72,101.77,100.70,54.03K,-0.36%
Jan 13 2017,101.19,101.52,101.68,100.83,38.03K,-0.19%
Jan 16 2017,101.19,101.48,101.72,101.31,15.95K,0.00%
Jan 17 2017,100.32,101.56,101.61,100.23,61.48K,-0.86%
Jan 18 2017,100.92,100.33,101.33,100.31,39.87K,0.60%
Jan 19 2017,101.14,101.36,101.71,100.95,53.38K,0.22%
Jan 20 2017,100.69,101.19,101.48,100.67,40.55K,-0.44%
Jan 23 2017,100.13,100.75,100.75,99.92,40.27K,-0.56%
Jan 24 2017,100.34,99.98,100.39,99.89,29.39K,0.21%
Jan 25 2017,100.02,100.24,100.39,99.81,28.27K,-0.32%
Jan 26 2017,100.38,99.80,100.73,99.77,35.13K,0.36%
Jan 27 2017,100.53,100.52,100.81,100.31,30.57K,0.15%
Jan 30 2017,100.41,100.43,101.02,100.14,38.52K,-0.12%
Jan 31 2017,99.48,100.39,100.50,99.40,57.72K,-0.93%
Feb 01 2017,99.61,99.58,100.06,99.48,42.20K,0.13%
Feb 02 2017,99.79,99.56,99.84,99.19,40.68K,0.18%
Feb 03 2017,99.84,99.83,100.37,99.52,49.52K,0.05%
Feb 06 2017,99.86,99.70,100.22,99.61,27.45K,0.02%
Feb 07 2017,100.25,99.96,100.69,99.91,38.83K,0.39%
Feb 08 2017,100.26,100.44,100.63,100.03,31.54K,0.01%
Feb 09 2017,100.65,100.24,100.67,100.08,33.57K,0.39%
Feb 10 2017,100.79,100.69,101.02,100.56,34.60K,0.14%
Feb 13 2017,100.95,100.79,101.11,100.57,23.85K,0.16%
Feb 14 2017,101.23,100.95,101.39,100.70,38.11K,0.28%
Feb 15 2017,101.16,101.31,101.75,100.97,42.91K,-0.07%
Feb 16 2017,100.43,100.94,101.05,100.40,41.90K,-0.72%
Feb 17 2017,100.95,100.50,100.96,100.44,27.27K,0.52%
Feb 20 2017,100.95,100.86,100.99,100.74,9.04K,0.00%
Feb 21 2017,101.36,101.08,101.61,101.08,28.83K,0.41%
Feb 22 2017,101.19,101.36,101.72,101.16,38.97K,-0.17%
Feb 23 2017,101.05,101.35,101.44,100.86,32.82K,-0.14%
Feb 24 2017,101.09,101.04,101.15,100.64,35.99K,0.04%
Feb 27 2017,101.13,101.16,101.28,100.68,24.66K,0.04%
Feb 28 2017,101.13,101.20,101.38,100.78,31.15K,0.00%
Mar 01 2017,101.78,101.47,101.98,101.22,54.89K,0.64%
Mar 02 2017,102.20,101.81,102.27,101.79,30.51K,0.41%
Mar 03 2017,101.55,102.08,102.17,101.33,61.01K,-0.64%
Mar 06 2017,101.64,101.44,101.74,101.22,38.66K,0.09%
Mar 07 2017,101.81,101.74,101.91,101.52,20.65K,0.17%
Mar 08 2017,102.08,101.76,102.19,101.70,51.02K,0.27%
Mar 09 2017,101.85,102.15,102.25,101.70,31.01K,-0.23%
Mar 10 2017,101.25,101.94,101.98,101.18,18.21K,-0.59%
Mar 13 2017,101.31,101.28,101.40,101.03,1.62K,0.06%
Mar 14 2017,101.57,101.28,101.66,101.22,22.53K,0.26%
Mar 15 2017,100.58,101.57,101.59,100.32,47.71K,-0.97%
Mar 16 2017,100.19,100.34,100.58,100.05,36.55K,-0.39%
Mar 17 2017,100.11,100.06,100.28,99.97,23.35K,-0.08%
Mar 20 2017,100.23,100.11,100.27,99.83,19.26K,0.12%
Mar 21 2017,99.61,100.17,100.18,99.46,33.89K,-0.62%
Mar 22 2017,99.47,99.50,99.72,99.34,30.15K,-0.14%
Mar 23 2017,99.56,99.58,99.67,99.44,23.58K,0.09%
Mar 24 2017,99.44,99.57,99.81,99.36,22.92K,-0.12%
Mar 27 2017,98.97,99.33,99.33,98.67,31.75K,-0.47%
Mar 28 2017,99.55,99.06,99.62,98.92,26.36K,0.59%
Mar 29 2017,99.84,99.56,99.97,99.50,25.95K,0.29%
Mar 30 2017,100.28,99.85,100.47,99.80,28.86K,0.44%
Mar 31 2017,100.22,100.34,100.50,100.11,25.57K,-0.06%
Apr 03 2017,100.41,100.41,100.56,100.23,19.24K,0.19%
Apr 04 2017,100.43,100.34,100.61,100.30,15.96K,0.02%
Apr 05 2017,100.44,100.42,100.99,100.31,26.55K,0.01%
Apr 06 2017,100.57,100.37,100.67,100.28,18.13K,0.13%
Apr 07 2017,101.12,100.64,101.19,100.40,37.15K,0.55%
Apr 10 2017,100.95,101.12,101.27,100.87,21.83K,-0.17%
Apr 11 2017,100.62,100.90,101.00,100.51,24.42K,-0.33%
Apr 12 2017,100.71,100.59,100.76,100.01,22.39K,0.09%
Apr 13 2017,100.46,100.03,100.50,99.93,22.78K,-0.25%
Apr 17 2017,100.19,100.41,100.47,99.91,14.99K,-0.27%
Apr 18 2017,99.40,100.24,100.31,99.36,26.52K,-0.79%
Apr 19 2017,99.64,99.45,99.78,99.42,17.79K,0.24%
Apr 20 2017,99.69,99.70,99.76,99.29,22.30K,0.05%
Apr 21 2017,99.88,99.75,99.94,99.56,23.08K,0.19%
Apr 24 2017,98.97,99.18,99.24,98.70,30.22K,-0.91%
Apr 25 2017,98.65,98.97,99.10,98.56,26.51K,-0.32%
Apr 26 2017,98.92,98.72,99.20,98.61,32.96K,0.27%
Apr 27 2017,98.95,98.86,99.21,98.69,40.18K,0.03%
Apr 28 2017,98.90,99.07,99.12,98.58,26.32K,-0.05%
May 01 2017,98.93,98.93,99.07,98.73,17.67K,0.03%
May 02 2017,98.83,98.93,99.08,98.78,19.83K,-0.10%
May 03 2017,99.08,98.77,99.27,98.75,27.17K,0.25%
May 04 2017,98.65,99.23,99.34,98.56,31.36K,-0.43%
May 05 2017,98.53,98.63,98.89,98.41,24.98K,-0.12%
May 08 2017,98.94,98.37,99.06,98.36,29.51K,0.42%
May 09 2017,99.54,99.02,99.56,98.96,29.65K,0.61%
May 10 2017,99.56,99.34,99.61,99.25,21.26K,0.02%
May 11 2017,99.50,99.56,99.77,99.38,18.32K,-0.06%
May 12 2017,99.13,99.53,99.58,99.03,24.67K,-0.37%
May 15 2017,98.80,99.06,99.14,98.67,18.48K,-0.33%
May 16 2017,98.00,98.76,98.77,97.97,32.80K,-0.81%
May 17 2017,97.46,97.99,98.01,97.33,29.34K,-0.55%
May 18 2017,97.77,97.41,97.97,97.28,46.22K,0.32%
May 19 2017,97.03,97.72,97.74,96.97,26.38K,-0.76%
May 22 2017,96.88,97.03,97.33,96.70,24.31K,-0.15%
May 23 2017,97.26,96.83,97.32,96.70,34.01K,0.39%
May 24 2017,97.15,97.32,97.38,96.94,31.82K,-0.11%
May 25 2017,97.18,96.90,97.20,96.81,21.26K,0.03%
May 26 2017,97.36,97.15,97.47,96.97,24.10K,0.19%
May 29 2017,97.36,97.32,97.44,97.25,5.30K,0.00%
May 30 2017,97.21,97.61,97.70,97.14,27.99K,-0.15%
May 31 2017,96.85,97.36,97.42,96.80,27.26K,-0.37%
Jun 01 2017,97.14,96.95,97.27,96.85,16.41K,0.30%
Jun 02 2017,96.67,97.17,97.26,96.58,29.20K,-0.48%
Jun 05 2017,96.75,96.67,96.93,96.64,14.97K,0.08%
Jun 06 2017,96.59,96.75,96.75,96.47,18.62K,-0.17%
Jun 07 2017,96.71,96.56,96.94,96.45,24.75K,0.12%
Jun 08 2017,96.90,96.69,97.14,96.56,33.92K,0.20%
Jun 09 2017,97.24,97.26,97.47,97.12,29.76K,0.35%
Jun 12 2017,97.12,97.23,97.30,97.02,24.18K,-0.12%
Jun 13 2017,96.94,97.17,97.26,96.92,21.80K,-0.19%
Jun 14 2017,96.92,97.00,97.11,96.31,57.20K,-0.02%
Jun 15 2017,97.44,96.91,97.56,96.84,21.80K,0.54%
Jun 16 2017,97.15,97.48,97.55,97.09,19.11K,-0.30%
Jun 19 2017,97.33,97.11,97.34,97.05,1.08K,0.19%
Jun 20 2017,97.41,97.28,97.52,97.14,30.22K,0.08%
Jun 21 2017,97.22,97.39,97.47,97.18,14.39K,-0.20%
Jun 22 2017,97.30,97.22,97.35,97.11,27.55K,0.08%
Jun 23 2017,96.94,97.25,97.30,96.86,14.01K,-0.37%
Jun 26 2017,97.12,96.94,97.16,96.81,15.45K,0.19%
Jun 27 2017,96.09,97.12,97.16,96.05,33.76K,-1.06%
Jun 28 2017,95.74,96.17,96.32,95.67,39.80K,-0.36%
Jun 29 2017,95.37,95.77,95.78,95.27,22.61K,-0.39%
Jun 30 2017,95.42,95.31,95.56,95.22,20.29K,0.05%
Jul 03 2017,95.97,95.41,96.00,95.39,19.92K,0.58%
Jul 04 2017,95.97,95.89,96.08,95.81,7.55K,0.00%
Jul 05 2017,96.06,95.91,96.25,95.83,19.13K,0.09%
Jul 06 2017,95.58,96.00,96.11,95.56,14.27K,-0.50%
Jul 07 2017,95.79,95.58,95.93,95.53,20.49K,0.22%
Jul 10 2017,95.78,95.80,95.94,95.69,20.01K,-0.01%
Jul 11 2017,95.42,95.83,95.96,95.41,16.46K,-0.38%
Jul 12 2017,95.51,95.42,95.75,95.28,20.85K,0.09%
Jul 13 2017,95.51,95.53,95.69,95.25,18.65K,0.00%
Jul 14 2017,94.93,95.55,95.61,94.87,23.34K,-0.61%
Jul 17 2017,94.90,94.89,95.12,94.80,12.28K,-0.03%
Jul 18 2017,94.40,94.95,94.97,94.28,33.62K,-0.53%
Jul 19 2017,94.59,94.47,94.69,94.44,11.88K,0.20%
Jul 20 2017,94.12,94.56,94.98,93.89,48.23K,-0.50%
Jul 21 2017,93.68,94.11,94.17,93.67,15.57K,-0.47%
Jul 24 2017,93.80,93.78,93.94,93.65,13.39K,0.13%
Jul 25 2017,93.89,93.85,93.96,93.46,23.12K,0.10%
Jul 26 2017,93.50,93.95,94.11,93.22,30.05K,-0.42%
Jul 27 2017,93.72,93.33,93.95,93.00,33.81K,0.24%
Jul 28 2017,93.11,93.67,93.80,93.10,24.44K,-0.65%
Jul 31 2017,92.72,93.17,93.39,92.64,29.88K,-0.42%
Aug 01 2017,92.90,92.81,92.97,92.64,18.71K,0.19%
Aug 02 2017,92.70,92.91,93.03,92.39,20.52K,-0.22%
Aug 03 2017,92.71,92.78,92.91,92.56,21.58K,0.01%
Aug 04 2017,93.42,92.61,93.64,92.58,31.04K,0.77%
Aug 07 2017,93.31,93.38,93.42,93.17,13.48K,-0.12%
Aug 08 2017,93.52,93.28,93.77,93.12,20.30K,0.23%
Aug 09 2017,93.43,93.47,93.78,93.36,20.18K,-0.10%
Aug 10 2017,93.30,93.39,93.70,93.21,17.31K,-0.14%
Aug 11 2017,92.96,93.30,93.42,92.83,28.53K,-0.36%
Aug 14 2017,93.31,92.98,93.39,92.94,13.44K,0.38%
Aug 15 2017,93.76,93.39,94.04,93.34,23.01K,0.48%
Aug 16 2017,93.44,93.73,94.06,93.38,35.15K,-0.34%
Aug 17 2017,93.53,93.38,94.00,93.21,40.45K,0.10%
Aug 18 2017,93.36,93.65,93.69,93.25,23.75K,-0.18%
Aug 21 2017,93.01,93.36,93.50,92.92,18.58K,-0.37%
Aug 22 2017,93.46,93.03,93.49,92.98,19.61K,0.48%
Aug 23 2017,93.07,93.44,93.56,93.04,18.70K,-0.42%
Aug 24 2017,93.20,93.09,93.31,93.08,10.74K,0.14%
Aug 25 2017,92.68,93.22,93.37,92.34,44.54K,-0.56%
Aug 28 2017,92.14,92.35,92.48,92.11,19.55K,-0.58%
Aug 29 2017,92.18,92.19,92.41,91.55,51.87K,0.04%
Aug 30 2017,92.82,92.30,92.89,92.19,29.84K,0.69%
Aug 31 2017,92.63,92.86,93.31,92.56,38.28K,-0.20%
Sep 01 2017,92.77,92.60,92.91,92.05,44.56K,0.15%
Sep 04 2017,92.77,92.67,92.67,92.41,10.72K,0.00%
Sep 05 2017,92.23,92.61,92.69,92.14,27.65K,-0.58%
Sep 06 2017,92.25,92.20,92.33,91.94,28.04K,0.02%
Sep 07 2017,91.64,92.18,92.23,91.38,58.70K,-0.66%
Sep 08 2017,91.33,91.44,91.49,90.99,36.10K,-0.34%
Sep 11 2017,91.85,91.39,91.97,91.39,36.43K,0.57%
Sep 12 2017,91.86,91.89,92.06,91.75,31.52K,0.01%
Sep 13 2017,92.51,91.88,92.52,91.69,50.27K,0.71%
Sep 14 2017,92.11,92.39,92.66,92.03,26.59K,-0.43%
Sep 15 2017,91.86,92.00,92.16,91.58,10.88K,-0.27%
Sep 18 2017,91.85,91.86,92.02,91.80,1.39K,-0.01%
Sep 19 2017,91.56,91.77,91.84,91.52,24.29K,-0.32%
Sep 20 2017,92.30,91.62,92.50,91.22,37.39K,0.81%
Sep 21 2017,92.05,92.40,92.46,91.89,22.40K,-0.27%
Sep 22 2017,91.97,91.94,92.00,91.58,24.07K,-0.09%
Sep 25 2017,92.44,92.12,92.53,92.00,26.58K,0.51%
Sep 26 2017,92.78,92.42,93.11,92.34,32.79K,0.37%
Sep 27 2017,93.17,92.89,93.42,92.81,32.50K,0.42%
Sep 28 2017,92.93,93.26,93.50,92.92,24.78K,-0.26%
Sep 29 2017,92.88,93.00,93.11,92.81,21.91K,-0.05%
Oct 02 2017,93.41,92.97,93.67,92.94,22.43K,0.57%
Oct 03 2017,93.41,93.49,93.78,93.28,17.65K,0.00%
Oct 04 2017,93.28,93.42,93.42,93.08,17.76K,-0.14%
Oct 05 2017,93.80,93.36,93.83,93.25,18.20K,0.56%
Oct 06 2017,93.64,93.75,94.10,93.60,27.38K,-0.17%
Oct 09 2017,93.50,93.62,93.67,93.45,12.44K,-0.15%
Oct 10 2017,93.10,93.56,93.57,92.95,26.87K,-0.43%
Oct 11 2017,92.83,93.06,93.19,92.72,20.79K,-0.29%
Oct 12 2017,92.90,92.75,93.06,92.64,17.44K,0.08%
Oct 13 2017,92.94,92.93,93.09,92.59,21.58K,0.04%
Oct 16 2017,93.16,92.97,93.21,92.93,15.65K,0.24%
Oct 17 2017,93.35,93.14,93.59,93.14,16.91K,0.20%
Oct 18 2017,93.23,93.34,93.66,93.22,15.59K,-0.13%
Oct 19 2017,93.12,93.29,93.42,92.91,18.56K,-0.12%
Oct 20 2017,93.58,93.05,93.67,93.00,27.27K,0.49%
Oct 23 2017,93.81,93.64,93.90,93.56,16.03K,0.25%
Oct 24 2017,93.66,93.69,93.87,93.56,18.54K,-0.16%
Oct 25 2017,93.58,93.83,93.89,93.47,24.51K,-0.09%
Oct 26 2017,94.51,93.50,94.61,93.36,44.61K,0.99%
Oct 27 2017,94.82,94.66,95.06,94.63,36.50K,0.33%
Oct 30 2017,94.45,94.77,94.83,94.33,22.35K,-0.39%
Oct 31 2017,94.43,94.36,94.60,94.35,18.90K,-0.02%
Nov 01 2017,94.71,94.42,94.75,94.40,16.62K,0.30%
Nov 02 2017,94.59,94.67,94.69,94.31,17.09K,-0.13%
Nov 03 2017,94.86,94.61,94.92,94.11,24.48K,0.29%
Nov 06 2017,94.66,94.83,95.00,94.61,17.71K,-0.21%
Nov 07 2017,94.80,94.63,95.07,94.60,23.73K,0.15%
Nov 08 2017,94.77,94.77,94.86,94.68,11.41K,-0.03%
Nov 09 2017,94.35,94.85,94.86,94.31,22.01K,-0.44%
Nov 10 2017,94.28,94.36,94.56,94.16,14.65K,-0.07%
Nov 13 2017,94.39,94.36,94.55,94.31,10.71K,0.12%
Nov 14 2017,93.72,94.41,94.44,93.64,27.44K,-0.71%
Nov 15 2017,93.73,93.77,93.80,93.31,25.25K,0.01%
Nov 16 2017,93.85,93.78,93.92,93.69,12.19K,0.13%
Nov 17 2017,93.58,93.72,93.84,93.42,16.91K,-0.29%
Nov 20 2017,94.00,93.73,94.02,93.48,19.68K,0.45%
Nov 21 2017,93.88,93.94,94.08,93.80,11.70K,-0.13%
Nov 22 2017,93.14,93.86,93.88,93.12,24.89K,-0.79%
Nov 23 2017,93.14,93.19,93.21,93.00,9.96K,0.00%
Nov 24 2017,92.71,93.11,93.17,92.61,17.46K,-0.46%
Nov 27 2017,92.83,92.67,92.86,92.43,22.70K,0.13%
Nov 28 2017,93.21,92.80,93.27,92.76,21.74K,0.41%
Nov 29 2017,93.11,93.17,93.38,92.92,17.79K,-0.11%
Nov 30 2017,93.00,93.20,93.47,92.68,27.69K,-0.12%
Dec 01 2017,92.84,92.91,93.21,92.55,31.15K,-0.17%
Dec 04 2017,93.14,93.04,93.34,93.00,30.07K,0.32%
Dec 05 2017,93.33,93.02,93.44,93.00,18.29K,0.20%
Dec 06 2017,93.58,93.31,93.62,93.14,21.66K,0.27%
Dec 07 2017,93.77,93.56,93.78,93.50,14.81K,0.20%
Dec 08 2017,93.87,93.80,94.08,93.78,19.75K,0.11%
Dec 11 2017,93.84,93.86,93.95,93.65,26.43K,-0.03%
Dec 12 2017,94.08,93.89,94.21,93.75,18.70K,0.26%
Dec 13 2017,93.42,94.02,94.09,93.34,30.86K,-0.70%
Dec 14 2017,93.48,93.38,93.77,93.28,29.83K,0.06%
Dec 15 2017,93.93,93.57,94.00,93.41,8.97K,0.48%
Dec 18 2017,93.52,94.00,94.02,93.58,0.54K,-0.44%
Dec 19 2017,93.03,93.25,93.31,93.02,14.68K,-0.52%
Dec 20 2017,92.89,93.03,93.12,92.75,20.13K,-0.15%
Dec 21 2017,92.86,92.92,93.09,92.81,12.90K,-0.03%
Dec 22 2017,92.92,93.00,93.08,92.87,9.38K,0.06%
Dec 26 2017,92.80,92.89,92.96,92.75,6.31K,-0.13%
Dec 27 2017,92.61,92.83,92.86,92.53,16.22K,-0.20%
Dec 28 2017,92.30,92.69,92.69,92.28,15.44K,-0.33%
Dec 29 2017,91.83,92.36,92.38,91.81,21.61K,-0.51%
Jan 02 2018,91.57,91.89,91.93,91.47,19.62K,-0.28%
Jan 03 2018,91.90,91.56,91.99,91.53,17.21K,0.36%
Jan 04 2018,91.58,91.97,92.00,91.52,15.73K,-0.35%
Jan 05 2018,91.67,91.55,91.83,91.51,13.75K,0.10%
Jan 08 2018,92.10,91.77,92.14,91.61,15.96K,0.47%
Jan 09 2018,92.26,92.07,92.36,91.96,21.58K,0.17%
Jan 10 2018,92.07,92.22,92.28,91.65,24.56K,-0.21%
Jan 11 2018,91.61,92.07,92.31,91.53,22.70K,-0.50%
Jan 12 2018,90.73,91.51,91.63,90.53,40.56K,-0.96%
Jan 15 2018,90.73,90.59,90.70,90.05,24.81K,0.00%
Jan 16 2018,90.15,90.25,90.58,90.11,27.97K,-0.64%
Jan 17 2018,90.31,89.99,90.69,89.96,33.60K,0.18%
Jan 18 2018,90.30,90.65,90.77,90.20,28.15K,-0.01%
Jan 19 2018,90.37,90.32,90.51,89.96,24.17K,0.08%
Jan 22 2018,90.19,90.27,90.50,90.14,16.70K,-0.20%
Jan 23 2018,89.92,90.16,90.39,89.84,20.36K,-0.30%
Jan 24 2018,89.01,89.88,89.91,88.95,32.30K,-1.01%
Jan 25 2018,89.23,89.09,89.42,88.25,77.36K,0.25%
Jan 26 2018,88.89,89.17,89.18,88.56,33.16K,-0.38%
Jan 29 2018,89.13,88.95,89.44,88.83,25.77K,0.27%
Jan 30 2018,89.00,89.22,89.48,88.74,26.24K,-0.15%
Jan 31 2018,88.95,88.95,89.14,88.61,29.18K,-0.06%
Feb 01 2018,88.50,88.94,89.17,88.39,23.88K,-0.51%
Feb 02 2018,89.04,88.49,89.28,88.44,32.68K,0.61%
Feb 05 2018,89.41,89.19,89.58,88.88,37.14K,0.42%
Feb 06 2018,89.45,89.47,89.92,89.23,40.15K,0.04%
Feb 07 2018,90.12,89.49,90.28,89.33,33.06K,0.75%
Feb 08 2018,90.12,90.16,90.45,89.89,35.27K,0.00%
Feb 09 2018,90.33,90.16,90.45,90.00,34.96K,0.23%
Feb 12 2018,90.10,90.25,90.31,89.95,19.21K,-0.25%
Feb 13 2018,89.59,90.06,90.07,89.49,20.99K,-0.57%
Feb 14 2018,89.00,89.59,90.02,88.83,39.24K,-0.66%
Feb 15 2018,88.50,88.89,88.89,88.44,27.69K,-0.56%
Feb 16 2018,89.01,88.50,89.15,88.15,26.17K,0.58%
Feb 19 2018,89.01,89.00,89.36,88.86,11.42K,0.00%
Feb 20 2018,89.64,89.17,89.72,89.16,17.88K,0.71%
Feb 21 2018,89.91,89.67,90.06,89.49,23.07K,0.30%
Feb 22 2018,89.66,90.06,90.17,89.56,24.08K,-0.28%
Feb 23 2018,89.81,89.70,89.99,89.69,16.56K,0.17%
Feb 26 2018,89.79,89.88,90.00,89.42,20.83K,-0.02%
Feb 27 2018,90.28,89.67,90.44,89.62,29.72K,0.55%
Feb 28 2018,90.55,90.31,90.65,90.25,24.71K,0.30%
Mar 01 2018,90.28,90.66,90.89,90.16,39.78K,-0.30%
Mar 02 2018,89.91,90.20,90.26,89.83,25.82K,-0.41%
Mar 05 2018,90.04,89.83,90.19,89.65,24.45K,0.14%
Mar 06 2018,89.59,89.92,90.03,89.47,32.81K,-0.50%
Mar 07 2018,89.61,89.49,89.75,89.33,23.59K,0.02%
Mar 08 2018,90.16,89.58,90.22,89.42,31.83K,0.61%
Mar 09 2018,90.06,90.17,90.36,89.97,25.55K,-0.11%
Mar 12 2018,89.87,90.06,90.17,89.81,23.38K,-0.21%
Mar 13 2018,89.64,89.87,90.09,89.56,27.20K,-0.26%
Mar 14 2018,89.69,89.69,89.88,89.54,24.99K,0.06%
Mar 15 2018,90.13,89.69,90.17,89.62,21.07K,0.49%
Mar 16 2018,90.21,90.12,90.38,89.88,9.39K,0.09%
Mar 19 2018,89.98,90.18,90.35,89.97,1.71K,-0.25%
Mar 20 2018,89.95,89.47,90.03,89.41,18.11K,-0.03%
Mar 21 2018,89.37,89.98,89.98,89.22,32.86K,-0.64%
Mar 22 2018,89.47,89.27,89.58,88.99,26.35K,0.11%
Mar 23 2018,89.03,89.33,89.34,88.97,22.74K,-0.49%
Mar 26 2018,88.60,89.04,89.11,88.56,25.80K,-0.48%
Mar 27 2018,88.98,88.62,89.25,88.53,24.99K,0.43%
Mar 28 2018,89.72,88.97,89.82,88.89,32.56K,0.83%
Mar 29 2018,89.81,89.72,89.84,89.58,17.76K,0.10%
Apr 02 2018,89.71,89.68,89.81,89.41,13.28K,-0.11%
Apr 03 2018,89.86,89.73,89.94,89.52,19.80K,0.17%
Apr 04 2018,89.78,89.80,89.89,89.57,15.11K,-0.09%
Apr 05 2018,90.15,89.75,90.27,89.74,25.72K,0.41%
Apr 06 2018,89.78,90.07,90.30,89.75,22.63K,-0.41%
Apr 09 2018,89.53,89.85,89.98,89.51,22.27K,-0.28%
Apr 10 2018,89.28,89.55,89.67,89.23,21.99K,-0.28%
Apr 11 2018,89.25,89.28,89.36,89.02,18.44K,-0.03%
Apr 12 2018,89.46,89.21,89.67,89.16,23.61K,0.24%
Apr 13 2018,89.50,89.46,89.59,89.37,12.80K,0.04%
Apr 16 2018,89.14,89.50,89.56,89.08,17.09K,-0.40%
Apr 17 2018,89.23,89.11,89.39,88.94,14.99K,0.10%
Apr 18 2018,89.35,89.22,89.50,89.17,19.77K,0.13%
Apr 19 2018,89.69,89.36,89.71,89.23,24.76K,0.38%
Apr 20 2018,90.08,89.66,90.25,89.64,31.76K,0.43%
Apr 23 2018,90.70,90.14,90.75,90.08,31.08K,0.69%
Apr 24 2018,90.54,90.69,90.85,90.47,24.27K,-0.18%
Apr 25 2018,90.95,90.54,91.03,90.52,26.43K,0.45%
Apr 26 2018,91.36,91.00,91.44,90.75,38.97K,0.45%
Apr 27 2018,91.34,91.39,91.79,91.29,30.52K,-0.02%
Apr 30 2018,91.63,91.34,91.71,91.28,23.56K,0.32%
May 01 2018,92.25,91.62,92.37,91.59,27.41K,0.68%
May 02 2018,92.34,92.30,92.67,92.04,38.90K,0.10%
May 03 2018,92.25,92.59,92.60,92.19,23.02K,-0.10%
May 04 2018,92.41,92.27,92.75,92.19,25.44K,0.17%
May 07 2018,92.59,92.42,92.83,92.29,19.36K,0.19%
May 08 2018,92.96,92.56,93.14,92.50,29.98K,0.40%
May 09 2018,92.88,92.91,93.26,92.69,26.45K,-0.09%
May 10 2018,92.52,93.00,93.03,92.39,34.75K,-0.39%
May 11 2018,92.41,92.61,92.71,92.23,20.26K,-0.12%
May 14 2018,92.46,92.42,92.55,92.11,17.87K,0.05%
May 15 2018,93.09,92.53,93.34,92.48,29.91K,0.68%
May 16 2018,93.28,93.22,93.52,93.02,28.24K,0.20%
May 17 2018,93.38,93.19,93.48,93.00,21.66K,0.11%
May 18 2018,93.54,93.44,93.74,93.24,19.44K,0.17%
May 21 2018,93.58,93.58,93.97,93.42,22.28K,0.04%
May 22 2018,93.53,93.46,93.65,93.20,20.94K,-0.05%
May 23 2018,93.92,93.45,94.11,93.42,28.84K,0.42%
May 24 2018,93.70,93.85,93.91,93.55,22.33K,-0.23%
May 25 2018,94.13,93.73,94.24,93.69,23.15K,0.46%
May 28 2018,94.13,94.06,94.44,93.81,15.15K,0.00%
May 29 2018,94.79,94.34,94.97,94.23,35.74K,0.70%
May 30 2018,94.11,94.80,94.92,93.98,37.62K,-0.72%
May 31 2018,93.96,94.05,94.22,93.69,32.32K,-0.16%
Jun 01 2018,94.17,93.96,94.44,93.86,28.83K,0.22%
Jun 04 2018,93.99,94.17,94.17,93.63,16.76K,-0.19%
Jun 05 2018,93.87,93.98,94.30,93.75,20.63K,-0.13%
Jun 06 2018,93.63,93.81,93.86,93.39,25.22K,-0.26%
Jun 07 2018,93.38,93.58,93.58,93.19,18.38K,-0.27%
Jun 08 2018,93.54,93.47,93.83,93.38,18.65K,0.17%
Jun 11 2018,93.56,93.51,93.67,93.36,19.87K,0.02%
Jun 12 2018,93.80,93.68,93.92,93.45,24.79K,0.26%
Jun 13 2018,93.70,93.81,94.04,93.52,42.47K,-0.11%
Jun 14 2018,94.78,93.49,94.94,93.18,31.06K,1.15%
Jun 15 2018,94.78,94.95,95.13,94.67,10.09K,0.00%
Jun 18 2018,94.86,94.88,95.00,94.75,0.18K,0.08%
Jun 19 2018,94.73,94.34,94.94,94.17,26.77K,-0.14%
Jun 20 2018,94.72,94.64,94.98,94.58,16.23K,-0.01%
Jun 21 2018,94.40,94.79,95.22,94.34,28.34K,-0.34%
Jun 22 2018,94.18,94.55,94.55,94.09,18.27K,-0.23%
Jun 25 2018,93.94,94.15,94.36,93.86,16.30K,-0.25%
Jun 26 2018,94.35,93.95,94.45,93.83,15.30K,0.44%
Jun 27 2018,94.97,94.38,95.11,94.20,20.16K,0.66%
Jun 28 2018,95.10,94.97,95.25,94.79,19.79K,0.14%
Jun 29 2018,94.35,95.03,95.06,94.19,28.02K,-0.79%
Jul 02 2018,94.78,94.30,94.89,94.26,16.22K,0.46%
Jul 03 2018,94.41,94.59,94.73,94.28,15.03K,-0.39%
Jul 04 2018,94.41,94.32,94.45,94.14,10.80K,0.00%
Jul 05 2018,94.22,94.27,94.34,93.92,13.95K,-0.20%
Jul 06 2018,93.77,94.12,94.23,93.58,19.78K,-0.48%
Jul 09 2018,93.81,93.73,93.94,93.44,17.46K,0.04%
Jul 10 2018,93.89,93.81,94.22,93.75,14.45K,0.09%
Jul 11 2018,94.49,93.95,94.53,93.82,25.19K,0.64%
Jul 12 2018,94.56,94.48,94.72,94.40,14.68K,0.07%
Jul 13 2018,94.50,94.64,95.00,94.43,17.52K,-0.06%
Jul 16 2018,94.27,94.45,94.52,94.15,12.03K,-0.24%
Jul 17 2018,94.70,94.29,94.86,94.04,18.66K,0.46%
Jul 18 2018,94.81,94.80,95.18,94.72,27.55K,0.12%
Jul 19 2018,94.94,94.82,95.44,94.67,40.05K,0.14%
Jul 20 2018,94.23,94.91,95.09,94.12,34.63K,-0.75%
Jul 23 2018,94.44,94.19,94.49,93.97,15.26K,0.22%
Jul 24 2018,94.39,94.42,94.64,94.17,13.35K,-0.05%
Jul 25 2018,94.13,94.38,94.45,93.91,19.41K,-0.28%
Jul 26 2018,94.54,93.94,94.58,93.87,22.63K,0.44%
Jul 27 2018,94.46,94.55,94.70,94.42,15.97K,-0.08%
Jul 30 2018,94.11,94.48,94.56,94.04,12.40K,-0.37%
Jul 31 2018,94.28,94.12,94.36,93.94,15.48K,0.18%
Aug 01 2018,94.43,94.36,94.52,94.29,10.72K,0.16%
Aug 02 2018,94.99,94.45,95.02,94.42,20.49K,0.59%
Aug 03 2018,94.96,95.01,95.19,94.80,22.57K,-0.03%
Aug 06 2018,95.19,95.05,95.35,95.03,15.08K,0.24%
Aug 07 2018,95.05,95.17,95.22,94.81,15.10K,-0.15%
Aug 08 2018,94.89,94.99,95.25,94.82,16.85K,-0.17%
Aug 09 2018,95.46,94.95,95.48,94.87,-,0.60%
Aug 10 2018,95.96,95.47,96.03,95.38,-,0.52%
